id,asset,tvlUsd,days,thresholdBps,trancheHollar,entryDailyHollar,borrowEveryHours,fundedCryptoUsd,unconvertedUserUsd,unconvertedProtocolUsd,directOperationsUsd,netFundedReturnPct,executionAndMarkLossUsd,protocolFeeUsd,mainInterestUsd,loopInterestUsd,firstCryptoDay,admissionCompleteDay,unadmittedUsd,harvests,borrows,rebalances,servicingHarvests,settlements,economicSkips,quoteSkips,backingDeficitUsd,exitCoverageGapUsd,minimumHf
r1-threshold-1-BTC,BTC,10000,365,1,5000,1000,1,357.0007462575891,48.0652071821758,2.529747746430305,80.25661723831287,2.767441290192763,35.3607216290169,37.3084587192822,348.59087863795105,1568.159575453361,96.75,22.625,0,348,252,26,348,269,3872,6349,0,0,1.0544255417737962
r1-threshold-1-ETH,ETH,10000,365,1,5000,1000,1,341.2386555899051,45.73474352588585,2.4070916667141535,74.83363565680635,2.6640501993309877,29.024217143976678,35.275431381264276,327.7215984271365,1483.015562890182,94.25,21.916666666666668,0,342,179,24,342,271,3634,6449,0,0,1.0543080707480235
r1-threshold-10-BTC,BTC,10000,365,10,5000,1000,1,355.9308355622576,50.37191421483862,2.651153379728348,33.887570010226966,3.220432655520306,35.34448288688676,37.18446678119162,348.9401684878881,1572.7201084660765,96.91666666666667,21.916666666666668,0,92,253,26,92,81,0,4836,0,0,1.0542605476895266
r1-threshold-10-ETH,ETH,10000,365,10,5000,1000,1,340.5472599293649,47.9447328991235,2.5234063605759367,29.3990411472588,3.111482187821061,29.074254491395685,35.1680787006173,327.867041302375,1489.2056202173483,95.20833333333333,21.583333333333332,0,93,181,20,93,82,0,5366,0,0,1.0536679402100364
r1-threshold-25-BTC,BTC,10000,365,25,5000,1000,1,358.2384877242647,51.861409485574626,2.7295478676618226,23.214735787639196,3.3502375193662552,35.450580248934116,37.27951284086782,349.3587362261796,1588.1438907223292,98.58333333333333,21.083333333333332,0,37,255,16,37,33,0,3652,0,0,1.0534876947251484
r1-threshold-25-ETH,ETH,10000,365,25,5000,1000,1,339.6614006464007,50.54796935448897,2.6604166798970708,18.90144219508158,3.2075995845131913,29.066865997924495,35.03904954112683,328.14913688435985,1495.5801868952005,97.375,21.083333333333332,0,37,182,16,37,34,0,3693,0,0,1.0535344860908877
r1-threshold-5-BTC,BTC,10000,365,5,5000,1000,1,357.92424197999605,47.99585662045796,2.526097716866208,50.9036841467543,3.0702055783324176,35.396585359042135,37.36850141730996,348.72287969322446,1571.7006972043582,96.5,22.375,0,185,251,26,185,162,0,5920,0,0,1.0542367993433759
r1-threshold-5-ETH,ETH,10000,365,5,5000,1000,1,340.26264853549014,46.81803687338069,2.46410683065837,46.50875561008427,2.9375389292540586,29.010829744788495,35.183583091891656,327.7438989207963,1483.3145538361027,93.41666666666667,21.875,0,185,180,23,185,163,0,6089,0,0,1.0543030788902477
r1-threshold-50-BTC,BTC,10000,365,50,5000,1000,1,346.49199977158844,64.16983020406342,3.3773594844243906,19.70468188053069,3.2678731789105777,35.14522202318682,36.20149451286228,349.5350023605286,1588.1438907223292,106.66666666666667,21.083333333333332,0,18,255,16,18,16,0,506,0,0,1.0536592841616441
r1-threshold-50-ETH,ETH,10000,365,50,5000,1000,1,328.702831213942,61.92422138535211,3.259157115053825,15.723865151267256,3.1297896606267472,28.898307684521622,34.03982534782596,328.31365376141434,1495.5801868952005,105.45833333333333,21.083333333333332,0,18,182,16,18,33,0,506,0,0,1.053705784733872
r2-trade-2500-daily-1000-BTC,BTC,10000,365,25,2500,1000,1,334.50938232370265,57.45235016252797,3.023807903290946,22.06368261861607,3.1244569970508658,34.82259794465021,35.22460839082887,338.3436433320493,1518.180727863129,110.54166666666667,38.625,0,35,241,15,35,31,0,3961,0,0,1.0539194672364904
r2-trade-2500-daily-1000-ETH,ETH,10000,365,25,2500,1000,1,328.09200786699523,45.197590283175366,2.378816882294734,18.240569987179768,3.098514378798155,28.868175910667112,34.101510206517005,318.2478548334198,1431.5820136483653,108.95833333333333,31.625,2.658e-15,36,173,16,36,33,0,3836,0,0,1.0539736369806256
r2-trade-2500-daily-250-BTC,BTC,10000,365,25,2500,250,1,293.2184819600638,54.74763506217032,2.8814544769563324,175.98284148028415,1.1723564047977963,34.35694754861631,33.08886062472466,337.33027981147995,1332.0611406846729,114.33333333333333,38.625,0,33,2840,15,33,29,0,3729,0,0,1.054359248797732
r2-trade-2500-daily-250-ETH,ETH,10000,365,25,2500,250,1,291.44948716240145,45.75348204448132,2.4080696619638635,159.56865192329167,1.3188083523910978,28.57503858358336,32.09864365317403,317.4406463910227,1279.225217223935,113.125,31.625,2.658e-15,34,2560,15,34,34,0,3668,0,0,1.054384166467183
r2-trade-2500-daily-5000-BTC,BTC,10000,365,25,2500,5000,1,335.19902042490617,58.04037742035165,3.054756706334297,9.35831677130251,3.2584070365360365,34.848410030961524,35.242082723389004,338.36387528148464,1523.6375343770032,110.20833333333333,38.625,0,35,27,15,35,31,0,3976,0,0,1.0536966460622532
r2-trade-2500-daily-5000-ETH,ETH,10000,365,25,2500,5000,1,328.4062537013825,45.435131089468406,2.391319080142354,9.513052325707369,3.188932013756752,28.877275491296977,34.11029861753668,318.25650663505587,1433.9317895511806,108.79166666666667,31.625,2.658e-15,36,26,16,36,33,0,3840,0,0,1.0538900812774048
r2-trade-5000-daily-1000-BTC,BTC,10000,365,25,5000,1000,1,358.2384877242647,51.861409485574626,2.7295478676618226,23.214735787639196,3.3502375193662552,35.450580248934116,37.27951284086782,349.3587362261796,1588.1438907223292,98.58333333333333,21.083333333333332,0,37,255,16,37,33,0,3652,0,0,1.0534876947251484
r2-trade-5000-daily-1000-ETH,ETH,10000,365,25,5000,1000,1,339.6614006464007,50.54796935448897,2.6604166798970708,18.90144219508158,3.2075995845131913,29.066865997924495,35.03904954112683,328.14913688435985,1495.5801868952005,97.375,21.083333333333332,0,37,182,16,37,34,0,3693,0,0,1.0535344860908877
r2-trade-5000-daily-250-BTC,BTC,10000,365,25,5000,250,1,304.377686637634,58.75192961244644,3.092206821707707,179.01752665923394,1.2536015997840004,34.644241408510844,34.106166905893765,348.23412707820665,1388.2313554476561,103,21.083333333333332,0,34,2890,15,34,30,0,3533,0,0,1.0543592568272162
r2-trade-5000-daily-250-ETH,ETH,10000,365,25,5000,250,1,302.2116364628278,49.231058132559035,2.59110172057474,162.12939192144597,1.4008224454138183,28.735087068615808,33.05575511987893,327.26160308597656,1331.8714284187936,102.125,21.083333333333332,0,35,2601,15,35,35,0,3541,0,0,1.0543844286258497
r2-trade-5000-daily-5000-BTC,BTC,10000,365,25,5000,5000,1,358.67550768254836,52.38422537758917,2.757064493557324,9.440694308308611,3.492348133742398,35.445506067279254,37.28363175274358,349.37816870284684,1592.1454397433781,98.16666666666667,21.083333333333332,0,37,23,16,37,33,0,3670,0,0,1.0535039360487886
r2-trade-5000-daily-5000-ETH,ETH,10000,365,25,5000,5000,1,339.8125878933894,50.00168756190807,2.6316650831850192,9.402103243819107,3.3041048464957026,29.01998585352915,35.06355005912184,328.1494489103386,1493.7360291113575,97.08333333333333,21.083333333333332,0,37,22,16,37,34,0,3703,0,0,1.054001828132929
r2-trade-8000-daily-1000-BTC,BTC,10000,365,25,8000,1000,1,369.9232567439491,51.954484823895186,2.7344465696786937,23.811784311962217,3.4611147243198683,35.74612923101156,38.31283831645591,357.27552802569073,1632.5153065169732,90.25,0,0,38,262,17,38,34,0,3285,0,0,1.0535018107654734
r2-trade-8000-daily-1000-ETH,ETH,10000,365,25,8000,1000,1,350.8989273871214,48.61134286259223,2.5584895870506377,19.142265508732258,3.317566618783891,29.214883036225004,36.05076394385996,334.7277341072669,1530.0154900645107,89.95833333333333,0,0,38,183,17,38,35,0,3301,0,0,1.0538072006920898
r2-trade-8000-daily-250-BTC,BTC,10000,365,25,8000,250,1,312.676776735018,54.48259850089667,2.8675051842577193,192.07503619853327,1.2060174053648474,34.948727834009105,35.11622810538053,355.95697367668436,1400.2491577113099,95.54166666666667,0,0,35,3108,15,35,31,0,3008,0,0,1.05447130033511
r2-trade-8000-daily-250-ETH,ETH,10000,365,25,8000,250,1,310.61998703243006,44.69720928793843,2.352479187045749,173.8421512904572,1.3677783574197286,28.90529074357406,34.01157839111526,333.69801762434736,1343.6990088219522,95.54166666666667,0,0,36,2796,15,36,37,0,3070,0,0,1.0544173239676593
r2-trade-8000-daily-5000-BTC,BTC,10000,365,25,8000,5000,1,370.19861708304006,52.11240180549604,2.742757989762949,9.562775885068506,3.6063584119797154,35.70865285654325,38.31928561765438,357.291073344426,1634.179678398365,89.75,0,0,38,22,17,38,34,0,3300,0,0,1.053814763853052
r2-trade-8000-daily-5000-ETH,ETH,10000,365,25,8000,5000,1,351.1097034388613,48.88584377744215,2.5729370437612222,9.583555689024392,3.4152614774983694,29.21342646066413,36.05207614889784,334.7373403838939,1532.0434484980733,89.75,0,0,38,22,17,38,35,0,3306,0,0,1.0538087700948857
r3-inherited-BTC,BTC,10000,365,25,8000,5000,1,370.19861708304006,52.11240180549604,2.742757989762949,9.562775885068506,3.6063584119797154,35.70865285654325,38.31928561765438,357.291073344426,1634.179678398365,89.75,0,0,38,22,17,38,34,0,3300,0,0,1.053814763853052
r3-inherited-ETH,ETH,10000,365,25,8000,5000,1,351.1097034388613,48.88584377744215,2.5729370437612222,9.583555689024392,3.4152614774983694,29.21342646066413,36.05207614889784,334.7373403838939,1532.0434484980733,89.75,0,0,38,22,17,38,35,0,3306,0,0,1.0538087700948857
r3-threshold-20-ramp-1h-BTC,BTC,10000,365,20,8000,5000,1,365.62816091812584,56.75419366500755,2.987062824474082,11.491508233073853,3.54136652685052,35.58923557208873,37.90273039362778,357.3143924097582,1634.179678398365,88.08333333333333,0,0,47,22,21,47,42,0,3248,0,0,1.0538432179812716
r3-threshold-20-ramp-1h-ETH,ETH,10000,365,20,8000,5000,1,354.81477441340905,45.08049065804863,2.37265601682547,11.678435260180184,3.4313633915322885,29.27237725430735,36.39230833786549,334.74918191998233,1532.0434484980733,88.08333333333333,0,0,48,22,21,48,43,0,3414,0,0,1.0537538407106304
r3-threshold-20-ramp-24h-BTC,BTC,10000,365,20,8000,5000,24,364.78870975506703,55.47636012025677,2.919808427381936,11.424716006072789,3.533639937489942,35.5912563556558,37.89991541553582,357.1694193230255,1625.427747041207,88.91666666666667,0,0,47,22,20,47,42,0,141,0,0,1.0536432370725977
r3-threshold-20-ramp-24h-ETH,ETH,10000,365,20,8000,5000,24,345.64851496642177,52.57665812858031,2.7671907427608793,11.445495810028675,3.342030191563931,29.136673151533536,35.61875232076154,334.63094961072306,1524.588077149626,88.83333333333333,0,0,47,22,20,47,43,0,143,0,0,1.0537235296724594
r3-threshold-20-ramp-6h-BTC,BTC,10000,365,20,8000,5000,6,365.4942694750068,56.63719581229326,2.980905042752277,11.491508233073853,3.5400276124193297,35.58937003396206,37.89934515158984,357.2996325349222,1633.1382167612162,88.16666666666667,0,0,47,22,21,47,42,0,541,0,0,1.0537038712013596
r3-threshold-20-ramp-6h-ETH,ETH,10000,365,20,8000,5000,6,354.7422940245435,44.914876917549364,2.3639394793542365,11.678435260180184,3.4306385876436334,29.273325865402832,36.39393554832142,334.7354153787279,1531.062602828304,88.16666666666667,0,0,48,22,21,48,43,0,570,0,0,1.0536171166504618
r3-threshold-25-ramp-24h-BTC,BTC,10000,365,25,8000,5000,24,369.476164412621,51.17592809723827,2.693469899854646,9.562775885068506,3.5991338852755255,35.71295570484018,38.312504772792614,357.21044567604656,1627.293680099079,90.41666666666667,0,0,38,22,17,38,34,0,141,0,0,1.0536346469329172
r3-threshold-25-ramp-24h-ETH,ETH,10000,365,25,8000,5000,24,350.4207169906819,48.00340651320445,2.5264928389530654,9.583555689024392,3.408371613016575,29.214603278392044,36.04487197348379,334.6633342210323,1525.5065824230535,90.41666666666667,0,0,38,22,17,38,35,0,141,0,0,1.0536388634774065
r3-threshold-25-ramp-6h-BTC,BTC,10000,365,25,8000,5000,6,370.12136393468865,51.93752142444636,2.733553759181387,9.562775885068506,3.6055858804962018,35.71034684842337,38.3211561338864,357.27730109517523,1633.1382167612162,89.875,0,0,38,22,17,38,34,0,550,0,0,1.0536381927461371
r3-threshold-25-ramp-6h-ETH,ETH,10000,365,25,8000,5000,6,351.03691769942105,48.721572049768156,2.564291138882887,9.583555689024392,3.414533620103967,29.214397097793665,36.0537094708734,334.7234067221531,1531.062602828304,89.875,0,0,38,22,17,38,35,0,551,0,0,1.0536323960025793
r3-threshold-30-ramp-1h-BTC,BTC,10000,365,30,8000,5000,1,373.8792326852486,48.414400340860205,2.5481263337294844,9.196708023398115,3.646825246618505,35.80797448257652,38.66275712285458,357.4396349456883,1634.179678398365,88.04166666666667,0,0,32,22,28,32,29,0,87,0,0,1.0538930507149928
r3-threshold-30-ramp-1h-ETH,ETH,10000,365,30,8000,5000,1,354.4239503777539,45.57130414065649,2.398486406559854,8.282396649339102,3.461415537284148,29.260482063241646,36.351071820385386,334.7257792605388,1532.0434484980733,88.04166666666667,0,0,32,22,14,32,30,0,3189,0,0,1.0537746719380003
r3-threshold-30-ramp-24h-BTC,BTC,10000,365,30,8000,5000,24,359.63819231148454,61.34046099196208,3.228445315366425,8.94298876929072,3.5069520354219383,35.455583007050706,37.415138626292254,357.36034786177464,1627.293680099079,88.70833333333333,0,0,31,22,27,31,28,0,3,0,0,1.0536979064820715
r3-threshold-30-ramp-24h-ETH,ETH,10000,365,30,8000,5000,24,341.0575148253941,57.55495103667554,3.0292035168305103,8.09546962223277,3.3296204520316133,29.06623064433844,35.18735865838937,334.6520690100203,1525.5065824230535,88.70833333333333,0,0,31,22,14,31,29,0,134,0,0,1.0535693586560626
r3-threshold-30-ramp-6h-BTC,BTC,10000,365,30,8000,5000,6,373.745759098161,48.29760010497025,2.5419789528931713,9.196708023398115,3.6454905107476288,35.80820077300085,38.65955653420696,357.4281577763346,1633.1382167612162,88.125,0,0,32,22,28,32,29,0,14,0,0,1.0537787280092878
r3-threshold-30-ramp-6h-ETH,ETH,10000,365,30,8000,5000,6,354.29894865015837,45.46146142603518,2.3927051558443546,8.282396649339102,3.4601655200081924,29.26077031261098,36.348273812923104,334.71981790568196,1531.062602828304,88.125,0,0,32,22,14,32,30,0,524,0,0,1.0535671940517508
holdout-gas-5x-BTC,BTC,10000,365,30,8000,5000,1,373.8792326852486,48.414400340860205,2.5481263337294844,45.983540116990575,3.2789569256825803,35.80797448257652,38.66275712285458,357.4396349456883,1634.179678398365,88.04166666666667,0,0,32,22,28,32,29,0,87,0,0,1.0538930507149928
holdout-gas-5x-ETH,ETH,10000,365,30,8000,5000,1,354.4239503777539,45.57130414065649,2.398486406559854,41.41198324669551,3.130119671310584,29.260482063241646,36.351071820385386,334.7257792605388,1532.0434484980733,88.04166666666667,0,0,32,22,14,32,30,0,3189,0,0,1.0537746719380003
holdout-large-vault-BTC,BTC,100000,365,30,8000,5000,1,2843.5756279809207,546.6584338393662,28.771496517861383,107.59382284029684,2.7359818051406237,339.17717523415223,316.7999998950951,3162.473693586313,13090.619347639844,151.91666666666666,59.541666666666664,0,32,1672,27,32,27,0,1420,0,0,1.054160668216612
holdout-large-vault-ETH,ETH,100000,365,30,8000,5000,1,2716.0383345606765,536.5112035603057,28.237313848024183,98.5963501443912,2.6174419844162853,281.6359883998004,298.1827905978955,2975.9019441924506,12428.788857671947,152.20833333333334,59.541666666666664,0,30,1529,25,30,25,0,1420,0,0,1.0543605254750321
holdout-negative-spread-BTC,BTC,10000,365,30,8000,5000,1,121.72487645161257,0,0,4.800543904742151,1.169243325468704,33.403472018441356,15.524264480685948,508.96355184583535,2284.686950420627,88.04166666666667,0,0,13,22,10,13,11,0,87,919.8867508212073,950.7862552541933,1.0499970593153694
holdout-negative-spread-ETH,ETH,10000,365,30,8000,5000,1,115.87303313322764,0,0,4.533374996737894,1.1133965813648974,29.47918621829931,14.605343917040628,477.644826996892,2141.201979735118,88.04166666666667,0,0,13,22,6,13,11,0,1043,862.6670506122813,891.6223437103599,1.0499956606712004
holdout-no-refill-BTC,BTC,10000,365,30,8000,0,1,44.568801427074646,10.747176598791555,0.5656408736206081,3.204586981285686,0.4136421444578896,11.477663059059156,20.21158587969468,352.5952545684818,0,89.5,0,0,17,0,0,17,14,0,0,0,0,1.157920892373162e+59
holdout-no-refill-ETH,ETH,10000,365,30,8000,0,1,51.3549050955921,7.8335259905366295,0.41227731944372115,3.8249213480433673,0.4752998374754873,8.423737316018162,20.154921884182517,330.55338768077814,21.173164015646847,69.66666666666667,0,0,18,1,0,18,33,0,0,0,0,13.558799921515659
holdout-outage-14d-BTC,BTC,10000,365,30,8000,5000,1,370.27016559603555,52.126631521329685,2.7435069221752464,8.94298876929072,3.613271768267449,35.712543377037534,38.330930193907555,357.43929550754547,1634.179678398365,88.04166666666667,0,0,31,22,27,31,28,0,87,0,0,1.0538930507149928
holdout-outage-14d-ETH,ETH,10000,365,30,8000,5000,1,351.06275103287516,48.995853653132706,2.57872550873707,8.116249426188658,3.4294650160668656,29.207454548381403,36.044606001734564,334.73381601262946,1532.0434484980733,88.04166666666667,0,0,31,22,14,31,30,0,3015,0,0,1.0537746719380003
holdout-prime-gap-3pct-BTC,BTC,10000,365,30,8000,5000,1,121.72487645161257,0,0,5.0068576725898835,1.1671801877902268,1514.51046928772,15.524264480685948,357.2648963899973,1470.8652310131793,88.04166666666667,0,0,13,22,9,13,10,0,87,1235.0198782953694,1264.2515218890703,1.0226014478008818
holdout-prime-gap-3pct-ETH,ETH,10000,365,30,8000,5000,1,115.87303313322764,0,0,4.760468568541513,1.1111256456468612,1417.701495089584,14.605343917040628,334.770301834667,1383.9297414379735,88.04166666666667,0,0,13,22,5,13,11,0,1043,1154.9298826800564,1182.4919029896992,1.0225046442698262
holdout-small-vault-BTC,BTC,1000,365,30,8000,5000,1,37.298177534990984,4.904229797332689,0.2581173577543521,7.460110121370444,2.983806741362054,3.5713636290705506,3.8508466934519148,35.59177143190405,163.40413852794657,88.04166666666667,0,0,32,22,2,32,29,0,6019,0,0,1.052053545816149
holdout-small-vault-ETH,ETH,1000,365,30,8000,5000,1,35.3662672627802,4.606784588757885,0.24246201225837674,7.480889925326331,2.7885377337453865,2.9211141216935657,3.6222376965538907,33.343704202157184,153.1922528696689,88.04166666666667,0,0,32,22,2,32,30,0,6029,0,0,1.0518495631843747
holdout-two-years-BTC,BTC,10000,730,30,8000,5000,1,869.6194829600067,62.5075156799866,3.2898692463150843,18.389972039709725,4.1692349540894735,48.97304920687012,84.19638376259677,731.5975536056651,3530.9451668665492,88.04166666666667,0,0,68,23,64,68,65,0,87,0,0,1.0538930507149928
holdout-two-years-ETH,ETH,10000,730,30,8000,5000,1,822.297363931783,59.8515006044924,3.1500789787659027,16.214029711186168,3.9523127891851972,36.642953117026096,79.01588910836425,684.2098040506514,3308.7801059482326,88.04166666666667,0,0,68,22,32,68,66,0,7670,0,0,1.0537746719380003
holdout-worse-fills-BTC,BTC,10000,365,30,8000,5000,1,334.88827282878844,59.350199823535576,3.123694727554504,8.601697484226374,3.2628657534456207,44.936383014222294,36.15336650781857,356.77685526457236,1553.6483151252928,109.83333333333333,0,0,30,22,25,30,26,0,113,0,0,1.053840039409346
holdout-worse-fills-ETH,ETH,10000,365,30,8000,5000,1,318.00375586848133,55.91442348996684,2.9428581124906175,7.820970564169489,3.1018278530431185,38.04341680928546,34.007098487185345,334.16056430248767,1458.3411406356183,109.625,0,0,30,22,13,30,27,0,2971,0,0,1.0537649357802203
