tvl,path,outage,discountBps,dimension,swapCostBps,loopCostBps,slippageBps,incentiveMode,exitLagSeconds,harvestEveryDays,halfExitDay,mainInterestWei,loopInterestWei,incentiveWei,recoveryWei,peakDebtWei,hollarSoldWei,hollarBoughtWei,floorMisses,liquidations,ethReturnBps,btcReturnBps,surplusPaidWei,residualSourceClaimWei
100000,0,0,0,0,10,0,100,0,172800,1,60,734632306578826906012,3845819294207050972999,0,0,490775079173394601918985,489396059474440000000000,488135710071000000000000,0,0,0,0,872777555960646654040,1323242917977162961628
100000,0,0,5000,0,10,0,100,0,172800,1,60,366413792496526614664,3845819294207050972999,0,0,490483748392645151899560,489396059474440000000000,486881707080000000000000,0,0,0,0,1034519117096179431263,1529719588327162961628
100000,0,0,10000,0,10,0,100,0,172800,1,60,0,3845819294207050972999,0,0,490193487129890856763261,489396059474440000000000,485432039276000000000000,0,0,0,0,1162238954429999999999,1768413262447162961628
100000,0,1,0,0,10,0,100,0,172800,1,60,734632785463000535606,3837474903474474958396,0,0,490754524279362700872722,489383703207830000000000,488111423819000000000000,0,0,0,0,868842225006473024446,1323174239996427261402
100000,0,1,5000,0,10,0,100,0,172800,1,60,366414031928200087516,3837474903474474958396,0,0,490463193498613250853297,489383703207830000000000,486857485203000000000000,0,0,0,0,1030594604194505958411,1529640331746427261402
100000,0,1,10000,0,10,0,100,0,172800,1,60,0,3837474903474474958396,0,0,490172932235858955716998,489383703207830000000000,485407891689000000000000,0,0,0,0,1158326888839999999999,1768321797986427261402
100000,1,0,0,0,10,0,100,0,172800,1,60,930118206264879860803,4856145623319683721880,0,0,698667138213302191446106,697436900278580000000000,695812545147000000000000,0,0,0,0,1095754002570877164712,1676599445846356096624
100000,1,0,5000,0,10,0,100,0,172800,1,60,464250902718829726572,4859000167646273559495,0,0,697442099545597208843570,696559644282940000000000,693019972215000000000000,0,0,0,0,1247596858345062738998,1992790356122308823156
100000,1,0,10000,0,10,0,100,0,172800,1,60,0,4898692588364570069857,0,0,716664196172709441814371,718775985787590000000000,714038592177000000000000,0,0,0,0,1522562243044999999699,2213419779122757653339
100000,1,1,0,0,10,0,100,0,172800,1,60,891353510748358508348,4642909338938326439072,0,0,704457453194066078629847,703516499986640000000000,701730635192000000000000,0,0,0,0,1009551486960674841754,1641773749121907336610
100000,1,1,5000,0,10,0,100,0,172800,1,60,444506949194911819386,4641291445971802361194,0,0,705719845365909617754879,705126773128420000000000,701756145838000000000000,0,0,0,0,1194697719102284050364,1902242714098482647363
100000,1,1,10000,0,10,0,100,0,172800,1,60,0,4647173140639883647255,0,0,707001823482886563581578,706747306314210000000000,701936427592000000000000,0,0,0,0,1404850392779999999999,2141095539048568434691
100000,2,0,0,0,10,0,100,0,172800,1,60,1520634972461691106401,4221325680168542101204,0,3980808012244285949868,468177437221900087671232,478333957323600000000000,480095106378000000000000,0,0,0,0,4009997457592,0
100000,2,0,5000,0,10,0,100,0,172800,1,60,758363190019962512830,4447726198002398303433,0,3350939435640415446718,468164697487612416438355,478333957323600000000000,480189098550000000000000,0,0,0,0,4009997462511,0
100000,2,0,10000,0,10,0,100,0,172800,1,60,0,4541710997639525053694,0,2636400365613088507976,468151957753324745205479,478333957323600000000000,480240166992000000000000,0,0,0,0,931442297059994554,129315635383602823
100000,2,1,0,0,10,0,100,0,172800,1,60,1634098279927173606563,6898040800084169085729,0,5737706155631417234028,468177437221900087671232,478333957323600000000000,481128262398000000000000,32,0,0,0,4009997467013,0
100000,2,1,5000,0,10,0,100,0,172800,1,60,812358192083672812918,7028459432690442742712,0,4997581891392286603267,468164697487612416438355,478333957323600000000000,481177055066000000000000,2,0,0,0,4009997467531,0
100000,2,1,10000,0,10,0,100,0,172800,1,60,0,6997279679747854076440,0,4165566864357823835702,468151957753324745205479,478333957323600000000000,481165537374000000000000,0,0,0,0,4009997462998,0
100000,3,0,0,0,10,0,100,0,172800,1,60,937444299247418962574,4134966542224485049288,0,1141426153731711402946,654991701697867462346609,654237298175240000000000,658168112903000000000000,0,0,0,0,4009997462045,0
100000,3,0,5000,0,10,0,100,0,172800,1,60,467338109676436283014,4155261916927106545064,0,683714435184496299750,655130666394897029017567,654437627699570000000000,658376341931000000000000,0,0,0,0,4009997471329,0
100000,3,0,10000,0,10,0,100,0,172800,1,60,0,4908118929409001345430,0,482090525180507918126,657190775895718506229523,1035394987052770000000000,1039820845371000000000000,0,0,0,0,3999997474538,0
100000,3,1,0,0,10,0,100,0,172800,1,60,937444299247418962574,4134966542224485049288,0,1141426153731711402946,654991701697867462346609,654237298175240000000000,658168112903000000000000,2,0,0,0,4009997462045,0
100000,3,1,5000,0,10,0,100,0,172800,1,60,467338109676436283014,4155261916927106545064,0,683714435184496299750,655130666394897029017567,654437627699570000000000,658376341931000000000000,0,0,0,0,4009997471329,0
100000,3,1,10000,0,10,0,100,0,172800,1,60,0,4280220091098591527083,0,238604127814754370826,655269623567355152490852,672030524522710000000000,676071945323000000000000,0,0,0,0,3999997482960,0
100000,4,0,0,0,10,0,100,0,172800,1,60,1480455172740644207134,7278218062383423868048,0,2389721920187836697002,648133902557856850004370,687670361461050000000000,694039030491000000000000,0,0,0,0,4009997478292,0
100000,4,0,5000,0,10,0,100,0,172800,1,60,739874059192878984411,7509578652911692253396,0,1794098952175160083360,646586473580451171781563,691587562667050000000000,698042624260000000000000,0,0,0,0,4009997461959,0
100000,4,0,10000,0,10,0,100,0,172800,1,60,0,7488788115292305088413,0,1216954267764545081586,644990914244420018055459,693454302394310000000000,699539161975000000000000,0,0,0,0,116967956544545092899,63779302822316320393
100000,4,1,0,0,10,0,100,0,172800,1,60,1420316046174672969992,7122894274332492499199,0,2448146779849488024560,601978017058822879899669,597675183848330000000000,603769954304000000000000,0,0,0,0,4009997471236,0
100000,4,1,5000,0,10,0,100,0,172800,1,60,709035596544170034149,7219842292333934762886,0,1803808981170778889043,603373136218488936668088,604333137381270000000000,610457900295000000000000,0,0,0,0,4009997478441,0
100000,4,1,10000,0,10,0,100,0,172800,1,60,0,7264094168392493169742,0,1213007655001125918096,604890578821111428971391,606621035132750000000000,612544594791000000000000,0,0,0,0,53996806196125929188,37542562273067057417
100000000,0,0,0,0,10,0,100,0,172800,1,60,735318469924514501742378,3852555810935947707800430,0,0,490766329158053926555491020,489413300711481930000000000,488050937090708000000000000,0,0,0,0,870219888675924971817675,1331200141215891169175356
100000000,0,0,5000,0,10,0,100,0,172800,1,60,366756852089463451294317,3852555810935947707800430,0,0,490474998566010578193426384,489413300711481930000000000,486585687959679000000000000,0,0,0,0,999500130200619254751611,1570481517243651169175356
100000000,0,0,10000,0,10,0,100,0,172800,1,60,0,3852555810935947707800430,0,0,490184737491269616957450686,489413300711481930000000000,485465295526588000000000000,0,0,0,0,1183292162304399999999999,1753446336948291169175356
100000000,0,1,0,0,10,0,100,0,172800,1,60,735318667649722315733718,3844200389005607264681571,0,0,490745774097781954931347253,489400910689089980000000000,488028787453121000000000000,0,0,0,0,866617669306997157826335,1330790063485536534898866
100000000,0,1,5000,0,10,0,100,0,172800,1,60,366756950950292652714319,3844200389005607264681571,0,0,490454443505738606569282617,489400910689089980000000000,486563887127035000000000000,0,0,0,0,995952129973640053331609,1570017319235726534898866
100000000,0,1,10000,0,10,0,100,0,172800,1,60,0,3844200389005607264681571,0,0,490164182430997645333306919,489400910689089980000000000,485443749864544000000000000,0,0,0,0,1179783758969139999999999,1752942640909476534898866
100000000,1,0,0,0,10,0,100,0,172800,1,60,934921479915546219487647,4874837707010916706856946,0,0,698658288282210580470707288,697417126222208340000000000,695826343883706000000000000,0,0,0,0,1099429802151289537527581,1683355069355349150085020
100000000,1,0,5000,0,10,0,100,0,172800,1,60,466628355724960965863121,4876640399573350938537207,0,0,697433248971869547570788525,696536586358173950000000000,693195515996184000000000000,0,0,0,0,1277543169292562926593494,1974900000577701920689077
100000000,1,0,10000,0,10,0,100,0,172800,1,60,0,4949324396956337716512110,0,0,716655343756516540043787701,718913032927767130000000000,713481695439861000000000000,0,0,0,0,1478047015733474999999999,2297681067257970645372543
100000000,1,1,0,0,10,0,100,0,172800,1,60,896330763166628782473601,4665075723222625826126071,0,0,704439320249279006517667706,703513565078136960000000000,701637721192770000000000000,0,0,0,0,1004866836845910250867614,1660400348876454135732131
100000000,1,1,5000,0,10,0,100,0,172800,1,60,447008305335900982789426,4665111249352132411247455,0,0,705700740587951521384420115,705129659572972370000000000,701583436268782000000000000,0,0,0,0,1182905524559996213073392,1931821749307798076468867
100000000,1,1,10000,0,10,0,100,0,172800,1,60,0,4672933855321876958147552,0,0,706982397322171621480981313,706756499502204780000000000,701684427855635000000000000,0,0,0,0,1386862570811109999999999,2180886923612440983204430
100000000,2,0,0,0,10,0,100,0,172800,1,60,1526673246368814196659418,6584191184649383954479826,0,5447605320847112130482046,458228551503903118503131360,457476041454811900000000000,460139300433121000000000000,0,0,0,0,4009999997456,0
100000000,2,0,5000,0,10,0,100,0,172800,1,60,760535137274505195451386,6647861276731080941690937,0,4719979938805508562158626,458164790023576721536945696,457476041454811900000000000,460164457798920000000000000,0,0,0,0,4009999997465,0
100000000,2,0,10000,0,10,0,100,0,172800,1,60,0,6767621498246118516939384,0,4034713497298032711135492,458101070447940226748800071,457476041454811900000000000,460208949311724000000000000,0,0,0,0,4009999997471,0
100000000,2,1,0,0,10,0,100,0,172800,1,60,1643340339891801335441154,7662659639208760984609239,0,6244465324329476075940781,458228551503903118503131360,457476041454811900000000000,460537575948002000000000000,32,0,0,0,4009999997453,0
100000000,2,1,5000,0,10,0,100,0,172800,1,60,817183577383647019571366,7702154733407865548614941,0,5443669450857427712619154,458164790023576721536945696,457476041454811900000000000,460551710159539000000000000,2,0,0,0,4009999997457,0
100000000,2,1,10000,0,10,0,100,0,172800,1,60,0,7702369840151324346017943,0,4624840188784239905200886,458101070447940226748800071,457476041454811900000000000,460553570946149000000000000,0,0,0,0,4009999997466,0
100000000,3,0,0,0,10,0,100,0,172800,1,60,938476447930114296266390,4595216450907622233349558,0,1242482806370067903730656,654979488181700563244051683,654226987099143310000000000,658518196998127000000000000,0,0,0,0,4009999997458,0
100000000,3,0,5000,0,10,0,100,0,172800,1,60,467819203456479117375595,4589254113058733969049835,0,770347496608121151423052,655118452802924190350311731,654427316507773890000000000,658714042136640000000000000,0,0,0,0,4009999997469,0
100000000,3,0,10000,0,10,0,100,0,172800,1,60,0,5095753680398983536969118,0,521884144545245880438484,655257409881257345147819294,994848103165749240000000000,999421972519359000000000000,0,0,0,0,4009999997465,0
100000000,3,1,0,0,10,0,100,0,172800,1,60,938476447930114296266390,4595216450907622233349558,0,1242482806370067903730656,654979488181700563244051683,654226987099143310000000000,658518196998127000000000000,2,0,0,0,4009999997458,0
100000000,3,1,5000,0,10,0,100,0,172800,1,60,467819203456479117375595,4589254113058733969049835,0,770347496608121151423052,655118452802924190350311731,654427316507773890000000000,658714042136640000000000000,0,0,0,0,4009999997469,0
100000000,3,1,10000,0,10,0,100,0,172800,1,60,0,4583586866833203135440082,0,301065948403833359717169,655257409881257345147819294,654627633104161600000000000,658910153828338000000000000,0,0,0,0,4019999997442,0
100000000,4,0,0,0,10,0,100,0,172800,1,60,1484164219270883262909197,7366723742690034376097533,0,2450739187137268163757130,648125140498599496048622943,671408394359349330000000000,677808542843702000000000000,0,0,0,0,4009999997453,0
100000000,4,0,5000,0,10,0,100,0,172800,1,60,740365761145193493415074,7435359356646826790616065,0,1749654567701389632471286,646577711110663003991232998,679237403646438350000000000,685663473898609000000000000,0,0,0,0,4009999997461,0
100000000,4,0,10000,0,10,0,100,0,172800,1,60,0,7451104486234851028853608,0,1192596827627807557248666,644982151357203201708370819,681063588571958780000000000,687133240661615000000000000,0,0,0,0,115380856584147557248677,63373804106367296772485
100000000,4,1,0,0,10,0,100,0,172800,1,60,1422138894970270318559758,7076310966959687823651528,0,2421418350020815247292995,601969328425148065045383686,597669887669078840000000000,603746918891048000000000000,0,0,0,0,4009999997474,0
100000000,4,1,5000,0,10,0,100,0,172800,1,60,711532696798029543042893,7249411367024959779333434,0,1829202160769404140177166,603364446655984909127463672,614759122051107400000000000,620890863666071000000000000,0,0,0,0,4009999997475,0
100000000,4,1,10000,0,10,0,100,0,172800,1,60,0,7275393402897258401900952,0,1227632776425996745361448,604881888282233921438148403,616958425395705330000000000,622875630955839000000000000,0,0,0,0,57493116540031745361460,38346695105928591162245
10000000,0,0,0,0,10,0,100,0,172800,1,60,73463175473098362620369,384581683511341540936570,0,0,49077476558310860765119538,48939574735644830000000000,48813531147943000000000000,0,0,0,0,87271343009271110939684,132330785576616193432756
10000000,0,0,5000,0,10,0,100,0,172800,1,60,36641351734173152202180,384581683511341540936570,0,0,49048343498936520431924453,48939574735644830000000000,48688129993755000000000000,0,0,0,0,103445369523929553843748,152978582518286193432756
10000000,0,0,10000,0,10,0,100,0,172800,1,60,0,384581683511341540936570,0,0,49019317391293042926434703,48939574735644830000000000,48543162292539000000000000,0,0,0,0,116217214534359999999999,176848088960986193432756
10000000,0,1,0,0,10,0,100,0,172800,1,60,73463223362853201113023,383747244653012852880921,0,0,49075421010848664978013130,48938339052610790000000000,48811102456660000000000000,0,0,0,0,86877799159256272447030,132323917355855565662500
10000000,0,1,5000,0,10,0,100,0,172800,1,60,36641375678009208599117,383747244653012852880921,0,0,49046287951474324644818045,48938339052610790000000000,48685707740266000000000000,0,0,0,0,103052907528713497446811,152970656388645565662500
10000000,0,1,10000,0,10,0,100,0,172800,1,60,0,383747244653012852880921,0,0,49017261843830847139328295,48938339052610790000000000,48540747468310000000000000,0,0,0,0,115825997313119999999999,176838942001205565662500
10000000,1,0,0,0,10,0,100,0,172800,1,60,93011753544814164578768,485614268075587638808539,0,0,69866672560804483801969175,69743648904959160000000000,69581202904941000000000000,0,0,0,0,109567090014531592436499,167668348441485300284248
10000000,1,0,5000,0,10,0,100,0,172800,1,60,46425056766125110942890,485899722065679941240138,0,0,69744168630314082383744143,69655923223837080000000000,69301944232216000000000000,0,0,0,0,124751164903008781513736,199287651374881239832711
10000000,1,0,10000,0,10,0,100,0,172800,1,60,0,489868962156245849845876,0,0,71666378110445243183239406,71877557141610200000000000,71403806160092000000000000,0,0,0,0,152247685953374999999996,221350609297301738089054
10000000,1,1,0,0,10,0,100,0,172800,1,60,89135285685152540804597,464290649858777064358342,0,0,70445703266553043640505360,70351608070263790000000000,70173011141886000000000000,0,0,0,0,100946713098186492536623,164185893867495933942023
10000000,1,1,5000,0,10,0,100,0,172800,1,60,44450662266474644393261,464128860250988080320117,0,0,70571942406170370215245925,70512635284236170000000000,70175561024850000000000000,0,0,0,0,119461155369882551469587,190232972249277504260106
10000000,1,1,10000,0,10,0,100,0,172800,1,60,0,464717029352241528971724,0,0,70700140134379431471727337,70674688497050730000000000,70193588154331000000000000,0,0,0,0,140476262918329999999999,214118414174367597886093
10000000,2,0,0,0,10,0,100,0,172800,1,60,152063383338472374045047,422132311072491312080273,0,398080531067384568604159,46817713676907368405479451,47833365035311400000000000,48009480195067000000000000,0,0,0,0,4009999974638,0
10000000,2,0,5000,0,10,0,100,0,172800,1,60,75836262437795266998346,444772348172539099421466,0,335093721377747250508645,46816439704296368405479451,47833365035311400000000000,48018879915753000000000000,0,0,0,0,4009999974670,0
10000000,2,0,10000,0,10,0,100,0,172800,1,60,0,454170822830126704845212,0,263639868202384944866832,46815165731685368405479452,47833365035311400000000000,48023985893288000000000000,0,0,0,0,90194032968914809936,15881635443527572736
10000000,2,1,0,0,10,0,100,0,172800,1,60,163409708903560838310819,689803703315576817374104,0,573770268268553935096605,46817713676907368405479451,47833365035311400000000000,48112808058340000000000000,32,0,0,0,4009999974574,0
10000000,2,1,5000,0,10,0,100,0,172800,1,60,81235759917693314483925,702845558199303743175509,0,499757896584410211599071,46816439704296368405479451,47833365035311400000000000,48117688316682000000000000,2,0,0,0,4009999974722,0
10000000,2,1,10000,0,10,0,100,0,172800,1,60,0,699727582305206139319530,0,416556452716611128390590,46815165731685368405479452,47833365035311400000000000,48116536024612000000000000,0,0,0,0,3999999974869,0
10000000,3,0,0,0,10,0,100,0,172800,1,60,93744360565570676955619,413496419170270562214961,0,114142525172378641673846,65499128440471714858226451,65423688136769520000000000,65816786229115000000000000,0,0,0,0,4009999974622,0
10000000,3,0,5000,0,10,0,100,0,172800,1,60,46733776368767472264150,415525955524311944360779,0,68371387483687878125464,65513024902662152149333059,65443721077736590000000000,65837609258188000000000000,0,0,0,0,4009999974601,0
10000000,3,0,10000,0,10,0,100,0,172800,1,60,0,490811643042462063028730,0,48209015498139661894824,65719035992308463028814852,103539431397387650000000000,103982033855506000000000000,0,0,0,0,4019999974580,0
10000000,3,1,0,0,10,0,100,0,172800,1,60,93744360565570676955619,413496419170270562214961,0,114142525172378641673846,65499128440471714858226451,65423688136769520000000000,65816786229115000000000000,2,0,0,0,4009999974622,0
10000000,3,1,5000,0,10,0,100,0,172800,1,60,46733776368767472264150,415525955524311944360779,0,68371387483687878125464,65513024902662152149333059,65443721077736590000000000,65837609258188000000000000,0,0,0,0,4009999974601,0
10000000,3,1,10000,0,10,0,100,0,172800,1,60,0,428021763425737437158461,0,23860389042865760856599,65526920610567738066712833,67203009294929120000000000,67607170470306000000000000,0,0,0,0,3999999974782,0
10000000,4,0,0,0,10,0,100,0,172800,1,60,148045403708374388121010,727821455431373429179504,0,238972058700347810829729,64813351857603922515094919,68766994951871590000000000,69403889468348000000000000,0,0,0,0,4009999974600,0
10000000,4,0,5000,0,10,0,100,0,172800,1,60,73987349443439364672531,750957528705418309660816,0,179409828276464982976365,64658608919166774606376031,69158714427046590000000000,69804249184857000000000000,0,0,0,0,4009999974636,0
10000000,4,0,10000,0,10,0,100,0,172800,1,60,0,748878462479450755706686,0,121695409740938226098456,64499052944176531406229563,69345388270336440000000000,69953872647825000000000000,0,0,0,0,11691482106058226098573,6383257001198582467785
10000000,4,1,0,0,10,0,100,0,172800,1,60,142031494012907704405865,712289074198441881293891,0,244814545513907200775812,60197765247782239458599109,59767482193684540000000000,60376987922319000000000000,0,0,0,0,4009999974631,0
10000000,4,1,5000,0,10,0,100,0,172800,1,60,70903504771413077472090,721983789064273679475993,0,180380764629567145013818,60337277071715296686738147,60433276847477860000000000,61045783074879000000000000,0,0,0,0,4009999974633,0
10000000,4,1,10000,0,10,0,100,0,172800,1,60,0,726408989143236848473056,0,121300699028433793868430,60489021235225641032879055,60662066478306550000000000,61254421613824000000000000,0,0,0,0,5394504344058793868540,3759441156205575666981
1000000,0,0,0,0,10,0,100,0,172800,1,60,7346318048991544088897,38458170586328698087869,0,0,4907747940844340485527415,4893957757270100000000000,4881353477106000000000000,0,0,0,0,8727192589747929471156,13233019522991282121114
1000000,0,0,5000,0,10,0,100,0,172800,1,60,3664135423558963140288,38458170586328698087869,0,0,4904834634736900955219302,4893957757270100000000000,4868813369460000000000000,0,0,0,0,10344596419263742905640,15297798036311282121114
1000000,0,0,10000,0,10,0,100,0,172800,1,60,0,38458170586328698087869,0,0,4901932023803171822778140,4893957757270100000000000,4854316607710000000000000,0,0,0,0,11621782181519999999999,17684747416571282121114
1000000,0,1,0,0,10,0,100,0,172800,1,60,7346322837953634060664,38374726698766698444913,0,0,4907542386683244939734191,4893834189532650000000000,4881110608637000000000000,0,0,0,0,8687838312625839499389,13232332705775643466277
1000000,0,1,5000,0,10,0,100,0,172800,1,60,3664137817935872132793,38374726698766698444913,0,0,4904629080575805409426078,4893834189532650000000000,4868571144769000000000000,0,0,0,0,10305350327376833913135,15297005428445643466277
1000000,0,1,10000,0,10,0,100,0,172800,1,60,0,38374726698766698444913,0,0,4901726469642076276984916,4893834189532650000000000,4854075125942000000000000,0,0,0,0,11582660566529999999999,17683832726185643466277
1000000,1,0,0,0,10,0,100,0,172800,1,60,9301175964316440534026,48561429482150554888436,0,0,6986667631100897768134859,6974365264275220000000000,6958120759594000000000000,0,0,0,0,10956784536199316481492,16766758445690397391723
1000000,1,0,5000,0,10,0,100,0,172800,1,60,4642505981210121953672,48589974885424705032513,0,0,6974417238666574742633738,6965592696940170000000000,6930194904931000000000000,0,0,0,0,12475193953043770503325,19928686808916337293707
1000000,1,0,10000,0,10,0,100,0,172800,1,60,0,48986898912094360445862,0,0,7166638188289903690841951,7187756090749380000000000,7140381098226000000000000,0,0,0,0,15224846196694999999969,22134982460951832913103
1000000,1,1,0,0,10,0,100,0,172800,1,60,8913529162966367713234,46429067567696221397512,0,0,7044570708926999710833741,7035161188175670000000000,7017301590335000000000000,0,0,0,0,10094747995112665628795,16418511939956022794193
1000000,1,1,5000,0,10,0,100,0,172800,1,60,4445066523492711666217,46412888609839676230708,0,0,7057194623610030083663249,7051263910495870000000000,7017556589391000000000000,0,0,0,0,11946193871204484196795,19023218124392593202878
1000000,1,1,10000,0,10,0,100,0,172800,1,60,0,46471705523166982486458,0,0,7070014397165684940237952,7067469232699960000000000,7019359311800000000000000,0,0,0,0,14047706070939999999999,21411760867607686902421
1000000,2,0,0,0,10,0,100,0,172800,1,60,15206339369388504495416,42213233442964683020361,0,39808055563989108957739,4681771640819696450410957,4783336782584620000000000,4800948296246000000000000,0,0,0,0,4009999746495,0
1000000,2,0,5000,0,10,0,100,0,172800,1,60,7583626757991436653495,44477237286189219066291,0,33509374151813929420249,4681644243551162203835615,4783336782584620000000000,4801888263719000000000000,0,0,0,0,4009999745904,0
1000000,2,0,10000,0,10,0,100,0,172800,1,60,0,45417084800442098135356,0,26363988352757581130950,4681516846282627957260273,4783336782584620000000000,4802398869370000000000000,0,0,0,0,9046223451551191767,1561344790891263240
1000000,2,1,0,0,10,0,100,0,172800,1,60,16340971972977786138378,68980373754954578956505,0,57377029980573650819059,4681771640819696450410957,4783336782584620000000000,4811280968404000000000000,32,0,0,0,4009999747189,0
1000000,2,1,5000,0,10,0,100,0,172800,1,60,8123576530761098470820,70284559318518291611295,0,49975792309913791618382,4681644243551162203835615,4783336782584620000000000,4811768991872000000000000,2,0,0,0,4009999747304,0
1000000,2,1,10000,0,10,0,100,0,172800,1,60,0,69972761736167473578700,0,41655647395801998617381,4681516846282627957260273,4783336782584620000000000,4811653765788000000000000,0,0,0,0,4009999747218,0
1000000,3,0,0,0,10,0,100,0,172800,1,60,9374436687103183069780,41349644053625232740566,0,11414253339352942690950,6549913223388270621790410,6542369192576610000000000,6581678859284000000000000,0,0,0,0,4009999746320,0
1000000,3,0,5000,0,10,0,100,0,172800,1,60,4673377951418871220320,41552597699251693968053,0,6837139261379071701763,6551302869677750376145493,6544372486779690000000000,6583761150123000000000000,0,0,0,0,4009999746683,0
1000000,3,0,10000,0,10,0,100,0,172800,1,60,0,49081166571640064350523,0,4820901885309136032580,6571903977375122173917999,10353943751694650000000000,10398203852043000000000000,0,0,0,0,4009999747145,0
1000000,3,1,0,0,10,0,100,0,172800,1,60,9374436687103183069780,41349644053625232740566,0,11414253339352942690950,6549913223388270621790410,6542369192576610000000000,6581678859284000000000000,2,0,0,0,4009999746320,0
1000000,3,1,5000,0,10,0,100,0,172800,1,60,4673377951418871220320,41552597699251693968053,0,6837139261379071701763,6551302869677750376145493,6544372486779690000000000,6583761150123000000000000,0,0,0,0,4009999746683,0
1000000,3,1,10000,0,10,0,100,0,172800,1,60,0,42802178574678121643233,0,2386039113443288494141,6552692440563198351558832,6720301321847740000000000,6760717264230000000000000,0,0,0,0,4019999746217,0
1000000,4,0,0,0,10,0,100,0,172800,1,60,14804541403288625279588,72782148732209881920700,0,23897207089230852370240,6481335534803378345941160,6876699869637730000000000,6940389063287000000000000,0,0,0,0,4009999746197,0
1000000,4,0,5000,0,10,0,100,0,172800,1,60,7398735457759409848803,75095755929840818041375,0,17940983434244686831115,6465861241345332233768362,6915871823062620000000000,6980425038893000000000000,0,0,0,0,4009999745882,0
1000000,4,0,10000,0,10,0,100,0,172800,1,60,0,74887849420577829608246,0,12169541133456818540096,6449905644171202366099776,6934539208512560000000000,6995387660619000000000000,0,0,0,0,1169196509996818541289,638277275534708629269
1000000,4,1,0,0,10,0,100,0,172800,1,60,14203150406832611297970,71228910631143959881423,0,24481455765610955624322,6019776856173957088145614,5976748548337620000000000,6037698860029000000000000,0,0,0,0,4009999746543,0
1000000,4,1,5000,0,10,0,100,0,172800,1,60,7090350976084020716719,72198382907966321871683,0,18038077677209335790317,6033728039440294640723642,6043328020119140000000000,6104578372427000000000000,0,0,0,0,4009999746407,0
1000000,4,1,10000,0,10,0,100,0,172800,1,60,0,72640902802132548415477,0,12130070512520752931602,6048902456648169203405992,6066206984473060000000000,6125442505561000000000000,0,0,0,0,539497486725752932794,375896980208405435735
500000,0,0,0,0,10,0,100,0,172800,1,60,3673159303206809089868,19229086534920604726896,0,0,2453874128769430239286368,2446979036241050000000000,2440676939842000000000000,0,0,0,0,4363628679542664470185,6616476962436380773695
500000,0,0,5000,0,10,0,100,0,172800,1,60,1832067850746552340141,19229086534920604726896,0,0,2452417475621262975805298,2446979036241050000000000,2434406890339000000000000,0,0,0,0,5172331249046153705787,7648865562796380773695
500000,0,0,10000,0,10,0,100,0,172800,1,60,0,19229086534920604726896,0,0,2450966170060297641866841,2446979036241050000000000,2427158514116000000000000,0,0,0,0,5810924830989999999999,8842339550556380773695
500000,0,1,0,0,10,0,100,0,172800,1,60,3673161697681797304688,19187364590223589920874,0,0,2453771351991962061401853,2446917252691630000000000,2440555505963000000000000,0,0,0,0,4343951597457676255365,6616133558780730062668
500000,0,1,5000,0,10,0,100,0,172800,1,60,1832069047931978583244,19187364590223589920874,0,0,2452314698843794797920783,2446917252691630000000000,2434285778345000000000000,0,0,0,0,5152708258940727462684,7648469264450730062668
500000,0,1,10000,0,10,0,100,0,172800,1,60,0,19187364590223589920874,0,0,2450863393282829463982326,2446917252691630000000000,2427037773582000000000000,0,0,0,0,5791364079129999999999,8841882211150730062668
500000,1,0,0,0,10,0,100,0,172800,1,60,4650588320955460497172,24280716226717041374681,0,0,3493334023871536259222733,3487182839728910000000000,3479060640339000000000000,0,0,0,0,5478434220070296518693,8383336777930508240833
500000,1,0,5000,0,10,0,100,0,172800,1,60,2321253159826563711335,24294988930967654886623,0,0,3487208828013442593576042,3482796556593110000000000,3465097720116000000000000,0,0,0,0,6237640016897328745840,9964299889966443704299
500000,1,0,10000,0,10,0,100,0,172800,1,60,0,24493450954117314530145,0,0,3583319303734890040911345,3593878254627560000000000,3570190817059000000000000,0,0,0,0,7612466218194999999939,11067447636256936575508
500000,1,1,0,0,10,0,100,0,172800,1,60,4456764911735175928925,23214535218175893629861,0,0,3522285566825378969642021,3517580805837780000000000,3508651059676000000000000,0,0,0,0,5047416597053857413146,8209212946656121507858
500000,1,1,5000,0,10,0,100,0,172800,1,60,2222533426660480434611,23206445740903314132493,0,0,3528597524586636826138500,3525632167538760000000000,3508778565232000000000000,0,0,0,0,5973140460706715428292,9511565117757690503160
500000,1,1,10000,0,10,0,100,0,172800,1,60,0,23235854199291441920999,0,0,3535007411741456709983140,3533734829109100000000000,3509679931614000000000000,0,0,0,0,7023897349329999999999,10705835687947786414415
500000,2,0,0,0,10,0,100,0,172800,1,60,7603170260027117593832,21106618019829972731549,0,19904029150525426550427,2340885972134877504657533,2391668546308660000000000,2400474287490000000000000,0,0,0,0,4009999494308,0
500000,2,0,5000,0,10,0,100,0,172800,1,60,3791813664694972366976,22238620015576660040571,0,16754688205944750257018,2340822273496480244383560,2391668546308660000000000,2400944287406000000000000,0,0,0,0,4009999494033,0
500000,2,0,10000,0,10,0,100,0,172800,1,60,0,22708543799700871241053,0,13181995036549639795713,2340758574858082984109589,2391668546308660000000000,2401199590242000000000000,0,0,0,0,4538011593609663108,765773138832920678
500000,2,1,0,0,10,0,100,0,172800,1,60,8170486587978965718356,34490188781643805357274,0,28688516751306639235164,2340885972134877504657533,2391668546308660000000000,2405640573642000000000000,32,0,0,0,4009999494010,0
500000,2,1,5000,0,10,0,100,0,172800,1,60,4061788564840888514946,35142281605462713346432,0,24987897636978199543267,2340822273496480244383560,2391668546308660000000000,2405884582843000000000000,2,0,0,0,4009999493265,0
500000,2,1,10000,0,10,0,100,0,172800,1,60,0,34986382818934674160269,0,20827824891621307120660,2340758574858082984109589,2391668546308660000000000,2405826969740000000000000,0,0,0,0,4019999489080,0
500000,3,0,0,0,10,0,100,0,172800,1,60,4687218693857751499538,20674823213481445918101,0,5707127127433957603351,3274956822429139521579344,3271184806778080000000000,3290839556372000000000000,0,0,0,0,4009999492738,0
500000,3,0,5000,0,10,0,100,0,172800,1,60,2336689150452034165026,20776300041704131641605,0,3418569911572340897430,3275651645615700296476313,3272186453941400000000000,3291880709642000000000000,0,0,0,0,4009999494509,0
500000,3,0,10000,0,10,0,100,0,172800,1,60,0,24540584549925965258097,0,2410451140443369727590,3285952198747132380789871,5176972215727490000000000,5199102181324000000000000,0,0,0,0,4019999490418,0
500000,3,1,0,0,10,0,100,0,172800,1,60,4687218693857751499538,20674823213481445918101,0,5707127127433957603351,3274956822429139521579344,3271184806778080000000000,3290839556372000000000000,2,0,0,0,4009999492738,0
500000,3,1,5000,0,10,0,100,0,172800,1,60,2336689150452034165026,20776300041704131641605,0,3418569911572340897430,3275651645615700296476313,3272186453941400000000000,3291880709642000000000000,0,0,0,0,4009999494509,0
500000,3,1,10000,0,10,0,100,0,172800,1,60,0,21401090527881765837239,0,1193019680589086583634,3276346431073829098650565,3360150878845680000000000,3380358752938000000000000,0,0,0,0,4019999489413,0
500000,4,0,0,0,10,0,100,0,172800,1,60,7402271275268030668164,36391076137448970677430,0,11948604234257740975974,3240667961268356011202882,3438350142796520000000000,3470194594346000000000000,0,0,0,0,4009999492982,0
500000,4,0,5000,0,10,0,100,0,172800,1,60,3699368014113082707799,37547879664633652812343,0,8970492057914738689161,3232930814799511435750248,3457936122834150000000000,3490212582647000000000000,0,0,0,0,4009999493562,0
500000,4,0,10000,0,10,0,100,0,172800,1,60,0,37443926473000532530055,0,6084770656520216294980,3224953016384007616648495,3467269816168740000000000,3497694050192000000000000,0,0,0,0,584625085250216297338,319111735735334552594
500000,4,1,0,0,10,0,100,0,172800,1,60,7101575762055730769331,35614457099560687277521,0,12240728557528776615688,3009888612193068424183557,2988374456926890000000000,3018849464113000000000000,0,0,0,0,4009999492439,0
500000,4,1,5000,0,10,0,100,0,172800,1,60,3545175765235469776546,36099193676597210288020,0,9019039515240269151966,3016864204294706584428113,3021664196350390000000000,3052289228261000000000000,0,0,0,0,4009999493937,0
500000,4,1,10000,0,10,0,100,0,172800,1,60,0,36320453560779133257132,0,6065035595513576615424,3024451413385574815888410,3033103679257690000000000,3062721443988000000000000,0,0,0,0,269774883048576617682,187922303615649058937
50000000,0,0,0,0,10,0,100,0,172800,1,60,367315879317089211232751,1922836261416568910040324,0,0,245387202655577825904681253,244697764372876630000000000,244067442561946000000000000,0,0,0,0,436322165116600262327302,661653616706314176927229
50000000,0,0,5000,0,10,0,100,0,172800,1,60,183206759649681096765919,1922836261416568910040324,0,0,245241537359461704225321920,244697764372876630000000000,243440437299977000000000000,0,0,0,0,517192384036961609280009,764892517170764176927229
50000000,0,0,10000,0,10,0,100,0,172800,1,60,0,1922836261416568910040324,0,0,245096406821997122839616194,244697764372876630000000000,242715599385010000000000000,0,0,0,0,581051709029769999999999,884239951546594176927229
50000000,0,1,0,0,10,0,100,0,172800,1,60,367316118765716843701114,1918664070749463280447424,0,0,245376924924642888925798668,244691585960558040000000000,244055299113107000000000000,0,0,0,0,434354447090992629858939,661619275616608546735092
50000000,0,1,5000,0,10,0,100,0,172800,1,60,183206879368788101927550,1918664070749463280447424,0,0,245231259628526767246439335,244691585960558040000000000,243428326040081000000000000,0,0,0,0,515230075280924604118378,764852886541008546735092
50000000,0,1,10000,0,10,0,100,0,172800,1,60,0,1918664070749463280447424,0,0,245086129091062185860733609,244691585960558040000000000,242703525271392000000000000,0,0,0,0,579095624139899999999999,884194216769778546735092
50000000,1,0,0,0,10,0,100,0,172800,1,60,465058769194995816410442,2427999182284468423783279,0,0,349333182267707925586684206,348718134819216010000000000,347905800490866000000000000,0,0,0,0,547800760687299940604776,838341571029853282727126
50000000,1,0,5000,0,10,0,100,0,172800,1,60,232125284567411552902158,2429426452216905335609011,0,0,348720662612873854025906196,348279506410194010000000000,346509507660868000000000000,0,0,0,0,623721225745662339554459,996437997193824222258474
50000000,1,0,10000,0,10,0,100,0,172800,1,60,0,2449272645095123791811439,0,0,358331710006094561078841409,359387675938854930000000000,357018819697263000000000000,0,0,0,0,761204219929584999999999,1106752394170529733607536
50000000,1,1,0,0,10,0,100,0,172800,1,60,445676432280014090046472,2321334493642270715868721,0,0,352228217759804468098757585,351757860009482890000000000,350864708389963000000000000,0,0,0,0,504677546886274943294743,820928302583014500647224
50000000,1,1,5000,0,10,0,100,0,172800,1,60,222253313557039437779410,2320513629452806988068124,0,0,352859383278097686544324253,352562978020656440000000000,350877425169996000000000000,0,0,0,0,597244540320337758083420,951163207196251455854508
50000000,1,1,10000,0,10,0,100,0,172800,1,60,0,2323450541461681421112814,0,0,353500361954789460458729140,353373238120724950000000000,350967550969229000000000000,0,0,0,0,702318506310169999999999,1070590107864944981198164
50000000,2,0,0,0,10,0,100,0,172800,1,60,760358545723837868627935,2132029463350165267754885,0,1995061078246166094487377,238881446284789924448865901,238724450979570150000000000,239621777880835000000000000,0,0,0,0,4009999994913,0
50000000,2,0,5000,0,10,0,100,0,172800,1,60,379187324786586592875059,2234274890889491404662834,0,1675258477437246568651178,238868703417443694441735106,238724450979570150000000000,239662654712549000000000000,0,0,0,0,4009999994945,0
50000000,2,0,10000,0,10,0,100,0,172800,1,60,0,2287985507425486482240030,0,1318423242535919498953471,238855962644299005900545392,238724450979570150000000000,239694392562617000000000000,0,0,0,0,413449436138024251436,365272653016620656712
50000000,2,1,0,0,10,0,100,0,172800,1,60,817019825240233377066161,3487363200541746047878159,0,2892677887381150789230483,238881446284789924448865901,238724450979570150000000000,240136155985991000000000000,32,0,0,0,4009999994948,0
50000000,2,1,5000,0,10,0,100,0,172800,1,60,406162832318247594300956,3493613553887082168121751,0,2486199726653494506625017,238868703417443694441735106,238724450979570150000000000,240138027504287000000000000,2,0,0,0,4009999994918,0
50000000,2,1,10000,0,10,0,100,0,172800,1,60,0,3475383805859901670183924,0,2066967935581070242860388,238855962644299005900545392,238724450979570150000000000,240132866714394000000000000,0,0,0,0,4009999994949,0
50000000,3,0,0,0,10,0,100,0,172800,1,60,468721939484405225532903,2067445549560344413687824,0,570761433440623350113885,327495390408367402183786169,327118229230640860000000000,329083635117818000000000000,0,0,0,0,4009999994948,0
50000000,3,0,5000,0,10,0,100,0,172800,1,60,233668950027851965853565,2077593253334907532915690,0,341905639055879026266336,327564872719025220761699312,327218393935022110000000000,329187750332434000000000000,0,0,0,0,4009999994952,0
50000000,3,0,10000,0,10,0,100,0,172800,1,60,0,2447714018618510974623938,0,244313177396611641567628,328146338628694734199475183,517251187463356070000000000,519454588130189000000000000,0,0,0,0,4019999994920,0
50000000,3,1,0,0,10,0,100,0,172800,1,60,468721939484405225532903,2067445549560344413687824,0,570761433440623350113885,327495390408367402183786169,327118229230640860000000000,329083635117818000000000000,2,0,0,0,4009999994948,0
50000000,3,1,5000,0,10,0,100,0,172800,1,60,233668950027851965853565,2077593253334907532915690,0,341905639055879026266336,327564872719025220761699312,327218393935022110000000000,329187750332434000000000000,0,0,0,0,4009999994952,0
50000000,3,1,10000,0,10,0,100,0,172800,1,60,0,2140071867380150335094126,0,119350480054053288533469,327634351258247035581364536,336014742614504880000000000,338035463808257000000000000,0,0,0,0,4009999994953,0
50000000,4,0,0,0,10,0,100,0,172800,1,60,740227181074998940095190,3639035545057292340779217,0,1194894639790847601923430,324066580118381561786688567,343834850127963540000000000,347019217933508000000000000,0,0,0,0,4009999994943,0
50000000,4,0,5000,0,10,0,100,0,172800,1,60,369936826196146250308276,3754715659285530982489112,0,897083248228722990079933,323292865424624848773755927,345793436908268020000000000,349021005849815000000000000,0,0,0,0,4009999994921,0
50000000,4,0,10000,0,10,0,100,0,172800,1,60,0,3744320247702383001519186,0,608491106097740093934102,322495085548058970409638543,346726806134104900000000000,349769118612788000000000000,0,0,0,0,58436718766910093934126,31917058240761571800910
50000000,4,1,0,0,10,0,100,0,172800,1,60,710157628552476294441269,3561373138601391771941344,0,1224106751913132327887709,300988648289844068829335918,298837304924222250000000000,301884728641361000000000000,0,0,0,0,4009999994948,0
50000000,4,1,5000,0,10,0,100,0,172800,1,60,354517600320678586390086,3609846066128577840858853,0,901937358804652055204973,301686207405745641870927961,302166267751088380000000000,305228693755233000000000000,0,0,0,0,4009999994912,0
50000000,4,1,10000,0,10,0,100,0,172800,1,60,0,3631972166846451815214031,0,606517713836621612949842,302444928219307195055482666,303310215901583380000000000,306271885607385000000000000,0,0,0,0,26953064254476612949865,18797356475927815720902
100000,0,0,0,1,0,0,100,0,172800,1,60,734632306578826906012,3845819294207050972999,0,0,490775079173394601918985,489396059474440000000000,488135710071000000000000,0,0,0,0,872777555960646654040,1323242917977162961628
100000,0,0,0,2,50,0,100,0,172800,1,60,734632306578826906012,3845819294207050972999,0,0,490775079173394601918985,489396059474440000000000,488135710071000000000000,0,0,0,0,872777555960646654040,1323242917977162961628
100000,0,0,0,3,100,0,100,0,172800,1,60,734632306578826906012,3845819294207050972999,0,0,490775079173394601918985,489396059474440000000000,488135710071000000000000,0,0,0,0,872777555960646654040,1323242917977162961628
100000,0,0,0,4,10,0,100,0,0,1,60,715803955238641492298,3747647133825873431777,0,0,490656731309906352256945,489402473503290000000000,488246152752000000000000,0,0,0,0,867051335968863808469,1272942374657328009156
100000,0,0,0,5,10,0,100,0,43200,1,60,718165967107839115459,3760079565726737146741,0,0,490656731309906352256945,489402473503290000000000,488291550703000000000000,0,0,0,0,877832435342658250130,1269272906292156378314
100000,0,0,0,6,10,0,100,0,1209600,1,60,847650006496463110657,4452118681890900636705,0,0,491485766058362229624554,489417389813260000000000,486634683133000000000000,0,0,0,0,796401842714820005109,1749312097275359193257
100000,0,0,0,7,10,0,100,0,172800,3,60,734632306578826906012,3845819294207050972999,0,0,490775079173394601918985,489396059474440000000000,488135710071000000000000,0,0,0,0,872777555960646654040,1323242917977162961628
100000,0,0,0,8,10,0,100,0,172800,7,60,734632306578826906012,3845819294207050972999,0,0,490775079173394601918985,489396059474440000000000,488135710071000000000000,0,0,0,0,872777555960646654040,1323242917977162961628
100000,0,0,0,9,10,10,100,0,172800,1,60,734744614337272563291,3813481037331244140182,0,37500053010000000000,488188359345212608933928,489349845878040000000000,489855760002891000000000,0,0,0,0,377997338453199771316,851885861515563888759
100000,0,0,0,10,10,10,10,0,172800,1,60,730920845285256162319,3714646267521092933218,0,50403586866337490885,481543813799053499568877,642777289830140000000000,646339562754696000000000,0,0,73,78,81765313950100141,24257410678924135936
100000,0,0,0,11,10,10,25,0,172800,1,60,731942308484869489836,3763106150745274666489,0,37500053010000000000,485372751075000117468625,575722377260200000000000,577916569043892000000000,0,0,28,29,307259387753702050794,371747164756596833204
100000,0,0,0,12,10,10,50,0,172800,1,60,734499934374301960133,3809816617128942144884,0,37500053010000000000,488188359345212608933928,517658803831950000000000,518344116730290000000000,0,0,0,0,380467492116325733045,778833443996555021480
100000,0,0,0,13,10,10,100,0,172800,1,60,734744614337272563291,3813481037331244140182,0,37500053010000000000,488188359345212608933928,489349845878040000000000,489855760002891000000000,0,0,0,0,377997338453199771316,851885861515563888759
100000,0,0,0,14,10,10,100,1,172800,1,60,733071218090056029594,3813481037331244140182,280872565786222306701,37500053010000000000,487906400859538258286734,489349845878040000000000,488934702409464000000000,0,0,0,0,510589475117893654202,1002761482965563888759
100000,0,0,0,15,10,10,100,2,172800,1,60,731765690008669106094,3813481037331244140182,500000000000000000000,37500053010000000000,487686426226744650664730,489349845878040000000000,488412856273968000000000,0,0,0,0,646010874746151253879,1088295280245563888759
100000,0,0,0,16,10,10,100,3,172800,1,60,734684125774365115604,3828400161740307660322,500000000000000000000,37500053010000000000,490796628368460127877650,492475910290690000000000,491516282601108000000000,0,0,0,0,641302152313107219003,1095255519300815092105
100000,0,0,0,17,10,10,100,0,172800,1,1,460204267704143333218,2315301412436986100003,0,245624866097175879969,476056521698650608968856,484069098327780000000000,483612019766118000000000,0,0,0,0,4911399850504881801,579460419639664688435
100000,0,0,0,18,10,10,100,0,172800,1,3,469194935658628436484,2396547670233513242174,0,217973408410127130358,476171347947128784011844,481613515855810000000000,481112817037551000000000,0,0,0,0,8192953781971028481,604317377548690479024
100000,0,0,0,19,10,10,100,0,172800,1,7,487222516399849586437,2483449271042257910944,0,162660995909053575570,476401083542085172645858,481575429607240000000000,481295878544799000000000,0,0,0,0,9370044237676323740,596075292675741457667
100000,1,0,0,1,0,0,100,0,172800,1,60,930118206264879860803,4856145623319683721880,0,0,698667138213302191446106,697436900278580000000000,695812545147000000000000,0,0,0,0,1095754002570877164712,1676599445846356096624
100000,1,0,0,2,50,0,100,0,172800,1,60,930118206264879860803,4856145623319683721880,0,0,698667138213302191446106,697436900278580000000000,695812545147000000000000,0,0,0,0,1095754002570877164712,1676599445846356096624
100000,1,0,0,3,100,0,100,0,172800,1,60,930118206264879860803,4856145623319683721880,0,0,698667138213302191446106,697436900278580000000000,695812545147000000000000,0,0,0,0,1095754002570877164712,1676599445846356096624
100000,1,0,0,4,10,0,100,0,0,1,60,903242705000346378396,4716458121709808608527,0,0,698498658258622625428514,697446026788310000000000,695901008586000000000000,0,0,0,0,1075667884398075323462,1617050977556704129640
100000,1,0,0,5,10,0,100,0,43200,1,60,906614207729486037676,4734148012476154902332,0,0,698498658258622625428514,697446026788310000000000,695963026238000000000000,0,0,0,0,1090602670793269495096,1612224571556505873193
100000,1,0,0,6,10,0,100,0,1209600,1,60,1091439146459960142909,5718838743152679905718,0,0,699678871679725065008604,697467251022990000000000,693681810353000000000000,0,0,0,0,987329679979808824554,2282086762497292239777
100000,1,0,0,7,10,0,100,0,172800,3,60,930118206264879860803,4856145623319683721880,0,0,698667138213302191446106,697436900278580000000000,695812545147000000000000,0,0,0,0,1095754002570877164712,1676599445846356096624
100000,1,0,0,8,10,0,100,0,172800,7,60,930118206264879860803,4856145623319683721880,0,0,698667138213302191446106,697436900278580000000000,695812545147000000000000,0,0,0,0,1095754002570877164712,1676599445846356096624
100000,1,0,0,9,10,10,100,0,172800,1,60,933025118205571902798,4825461147704624126005,0,37500053010000000000,716817159042238574740620,719389654182970000000000,720256538673810000000000,0,0,0,0,337053007058967993722,1007652710982682550137
100000,1,0,0,10,10,10,10,0,172800,1,60,930013294540503541114,4724737499435288948057,0,56542061737085664837,692397437147166317379268,850030538005920000000000,854632753887870000000000,0,0,55,59,13680919451054076580,22097615656791056022
100000,1,0,0,11,10,10,25,0,172800,1,60,930166242308859859593,4791698749379594910144,0,37500053010000000000,716045898532794108781589,783596664617250000000000,786202384604022000000000,0,0,15,16,338571436846907441509,533307036635795805649
100000,1,0,0,12,10,10,50,0,172800,1,60,932992632250968846520,4824688396073240644606,0,37500053010000000000,716817159042238574740620,726944778486850000000000,727785446771268000000000,0,0,0,0,326282493421292409014,998670001960456994741
100000,1,0,0,13,10,10,100,0,172800,1,60,933025118205571902798,4825461147704624126005,0,37500053010000000000,716817159042238574740620,719389654182970000000000,720256538673810000000000,0,0,0,0,337053007058967993722,1007652710982682550137
100000,1,0,0,14,10,10,100,1,172800,1,60,930793211594530883109,4823691660283071937036,301203482559197682186,37500053010000000000,711783637750619010498170,714498312331710000000000,714521133284346000000000,0,0,0,0,510559305083817285344,1146811376949330612321
100000,1,0,0,15,10,10,100,2,172800,1,60,930602985028033135162,4828762994445245240045,500000000000000000000,37500053010000000000,712818152546322308303884,715739693659240000000000,715163309610201000000000,0,0,0,0,612405185476117345435,1245943690912066755971
100000,1,0,0,16,10,10,100,3,172800,1,60,932964629642041890010,4840380271961062916317,500000000000000000000,37500053010000000000,719425428073860505216736,722515718241960000000000,721884280404708000000000,0,0,0,0,595306889050498006510,1256106133179602177504
100000,1,0,0,17,10,10,100,0,172800,1,1,460204267704143333218,2315301412436986100003,0,245624866097175879969,476056521698650608968856,484069098327780000000000,483612019766118000000000,0,0,0,0,4911399850504881801,579460419639664688435
100000,1,0,0,18,10,10,100,0,172800,1,3,469194935658628436484,2396547670233513242174,0,217973408410127130358,476171347947128784011844,481613515855810000000000,481112817037551000000000,0,0,0,0,8192953781971028481,604317377548690479024
100000,1,0,0,19,10,10,100,0,172800,1,7,487222516399849586437,2483449271042257910944,0,162660995909053575570,476401083542085172645858,481575429607240000000000,481295878544799000000000,0,0,0,0,9370044237676323740,596075292675741457667
100000,2,0,0,1,0,0,100,0,172800,1,60,1520634972461691106401,4221325680168542101204,0,3980808012244285949868,468177437221900087671232,478333957323600000000000,480095106378000000000000,0,0,0,0,4009997457592,0
100000,2,0,0,2,50,0,100,0,172800,1,60,1520634972461691106401,4221325680168542101204,0,3980808012244285949868,468177437221900087671232,478333957323600000000000,480095106378000000000000,0,0,0,0,4009997457592,0
100000,2,0,0,3,100,0,100,0,172800,1,60,1520634972461691106401,4221325680168542101204,0,3980808012244285949868,468177437221900087671232,478333957323600000000000,480095106378000000000000,0,0,0,0,4009997457592,0
100000,2,0,0,4,10,0,100,0,0,1,60,1490283973791360850954,4221268367349250039179,0,3950967235759843502514,468177437221900087671232,478333957323600000000000,480094538844000000000000,0,0,0,0,4009997456336,0
100000,2,0,0,5,10,0,100,0,43200,1,60,1494385237426040577572,4221268487485618184148,0,3955049398525756833785,468177437221900087671232,478333957323600000000000,480094558064000000000000,0,0,0,0,4009997461817,0
100000,2,0,0,6,10,0,100,0,1209600,1,60,1702932764562751516847,4221670342861262596314,0,4160042993050039022551,468177437221900087671232,478333957323600000000000,480098513845000000000000,0,0,0,0,4009997462503,0
100000,2,0,0,7,10,0,100,0,172800,3,60,1520634972461691106401,4221325680168542101204,0,3980808012244285949868,468177437221900087671232,478333957323600000000000,480095106378000000000000,0,0,0,0,4009997457592,0
100000,2,0,0,8,10,0,100,0,172800,7,60,1520634972461691106401,4221325680168542101204,0,3980808012244285949868,468177437221900087671232,478333957323600000000000,480095106378000000000000,0,0,0,0,4009997457592,0
100000,2,0,0,9,10,10,100,0,172800,1,60,1525103910071259301715,4229245794925709131709,0,4942937897838253401130,465769174493485957260273,475884334240620000000000,476695738933155000000000,0,0,0,0,4000000000000,0
100000,2,0,0,10,10,10,10,0,172800,1,60,1525103910071259301715,4229245794925709131709,0,4942937897838253401130,465769174493485957260273,475884334240620000000000,476695738933155000000000,0,0,0,0,4000000000000,0
100000,2,0,0,11,10,10,25,0,172800,1,60,1525103910071259301715,4229245794925709131709,0,4942937897838253401130,465769174493485957260273,475884334240620000000000,476695738933155000000000,0,0,0,0,4000000000000,0
100000,2,0,0,12,10,10,50,0,172800,1,60,1525103910071259301715,4229245794925709131709,0,4942937897838253401130,465769174493485957260273,475884334240620000000000,476695738933155000000000,0,0,0,0,4000000000000,0
100000,2,0,0,13,10,10,100,0,172800,1,60,1525103910071259301715,4229245794925709131709,0,4942937897838253401130,465769174493485957260273,475884334240620000000000,476695738933155000000000,0,0,0,0,4000000000000,0
100000,2,0,0,14,10,10,100,1,172800,1,60,1524672025619220850804,4227354100859399181606,72398493000782117587,4869062677476396559676,465769174493485957260273,475884334240620000000000,476694892471464000000000,0,0,0,0,4000000000000,0
100000,2,0,0,15,10,10,100,2,172800,1,60,1523461411529084891010,4311753945579385657432,500000000000000000000,4487335121587814810944,465769174493485957260273,475884334240620000000000,476732206211373000000000,0,0,0,0,4000000000000,0
100000,2,0,0,16,10,10,100,3,172800,1,60,1522586402492561310191,4199495889185473137016,500000000000000000000,4423386540281488548889,465769174493485957260273,475884334240620000000000,476683026359454000000000,0,0,0,0,4000000000000,0
100000,2,0,0,17,10,10,100,0,172800,1,1,1271270680634220854339,5845510730044702652657,0,5740703657563220561271,476353853940191480145777,475884334240620000000000,477260154138969000000000,0,0,0,0,3009998464120,0
100000,2,0,0,18,10,10,100,0,172800,1,3,1295360125975486033796,5912306417973810654568,0,5802533866837485740728,465769174493485957260273,475884334240620000000000,477289201138893000000000,0,0,0,0,3009998464120,0
100000,2,0,0,19,10,10,100,0,172800,1,7,1314493129091673650427,6009833861426680068876,0,5877410157373364374119,465769174493485957260273,475884334240620000000000,477330992764434000000000,0,0,0,0,3017689486759,0
100000,3,0,0,1,0,0,100,0,172800,1,60,937444299247418962574,4134966542224485049288,0,1141426153731711402946,654991701697867462346609,654237298175240000000000,658168112903000000000000,0,0,0,0,4009997462045,0
100000,3,0,0,2,50,0,100,0,172800,1,60,937444299247418962574,4134966542224485049288,0,1141426153731711402946,654991701697867462346609,654237298175240000000000,658168112903000000000000,0,0,0,0,4009997462045,0
100000,3,0,0,3,100,0,100,0,172800,1,60,937444299247418962574,4134966542224485049288,0,1141426153731711402946,654991701697867462346609,654237298175240000000000,658168112903000000000000,0,0,0,0,4009997462045,0
100000,3,0,0,4,10,0,100,0,0,1,60,915966570961620074960,4050456032584570488801,0,1116914927805912515331,654991701697867462346609,654237298175240000000000,658086638999000000000000,0,0,0,0,4009997462044,0
100000,3,0,0,5,10,0,100,0,43200,1,60,920440026742740453103,4067889088679632325840,0,1128957227677032893476,654991701697867462346609,654237298175240000000000,658096502180000000000000,0,0,0,0,4009997462046,0
100000,3,0,0,6,10,0,100,0,1209600,1,60,1109270397044720878417,4844833380068907320895,0,1522846473369013318789,654991701697867462346609,654237298175240000000000,658668386278000000000000,0,0,0,0,4009997462045,0
100000,3,0,0,7,10,0,100,0,172800,3,60,937444299247418962574,4134966542224485049288,0,1141426153731711402946,654991701697867462346609,654237298175240000000000,658168112903000000000000,0,0,0,0,4009997462045,0
100000,3,0,0,8,10,0,100,0,172800,7,60,937444299247418962574,4134966542224485049288,0,1141426153731711402946,654991701697867462346609,654237298175240000000000,658168112903000000000000,0,0,0,0,4009997462045,0
100000,3,0,0,9,10,10,100,0,172800,1,60,884979725663913736460,4165054704295116209868,0,2057098022682756978378,476804283241566968367559,475884334240620000000000,478877081937624000000000,0,0,0,0,3008842012937,0
100000,3,0,0,10,10,10,10,0,172800,1,60,884979725663913736460,4165054704295116209868,0,2057098022682756978378,476804283241566968367559,475884334240620000000000,478877081937624000000000,0,0,0,0,3008842012937,0
100000,3,0,0,11,10,10,25,0,172800,1,60,884979725663913736460,4165054704295116209868,0,2057098022682756978378,476804283241566968367559,475884334240620000000000,478877081937624000000000,0,0,0,0,3008842012937,0
100000,3,0,0,12,10,10,50,0,172800,1,60,884979725663913736460,4165054704295116209868,0,2057098022682756978378,476804283241566968367559,475884334240620000000000,478877081937624000000000,0,0,0,0,3008842012937,0
100000,3,0,0,13,10,10,100,0,172800,1,60,884979725663913736460,4165054704295116209868,0,2057098022682756978378,476804283241566968367559,475884334240620000000000,478877081937624000000000,0,0,0,0,3008842012937,0
100000,3,0,0,14,10,10,100,1,172800,1,60,884340872698587840638,4165054704295116209868,49835762291447340891,2006623407425983741665,476804283241566968367559,475884334240620000000000,478877081937624000000000,0,0,0,0,3008842012937,0
100000,3,0,0,15,10,10,100,2,172800,1,60,878570142104322697702,4165054704295116209868,500000000000000000000,1550688439123165939620,476804283241566968367559,475884334240620000000000,478877081937624000000000,0,0,0,0,3008842012937,0
100000,3,0,0,16,10,10,100,3,172800,1,60,883498440003029390535,4164718058780439411402,500000000000000000000,1551692819939872632453,476804283241566968367559,475884334240620000000000,478880668610361000000000,0,0,0,0,3018841988937,0
100000,3,0,0,17,10,10,100,0,172800,1,1,706742255681282009694,3426898748960895859134,0,1733262481246281716626,475982125390579357737251,475884334240620000000000,478284427320489000000000,0,0,0,0,3009998464120,0
100000,3,0,0,18,10,10,100,0,172800,1,3,711326202152738779678,3445413861409862542521,0,1692474052138738486610,476047330653425012258570,475884334240620000000000,478348309761102000000000,0,0,0,0,3009998464121,0
100000,3,0,0,19,10,10,100,0,172800,1,7,741018953523307268866,3611436110831548717224,0,1741687250971306975798,476177767979961745701793,475884334240620000000000,478494818555652000000000,0,0,0,0,3009998464121,0
100000,4,0,0,1,0,0,100,0,172800,1,60,1480455172740644207134,7278218062383423868048,0,2389721920187836697002,648133902557856850004370,687670361461050000000000,694039030491000000000000,0,0,0,0,4009997478292,0
100000,4,0,0,2,50,0,100,0,172800,1,60,1480455172740644207134,7278218062383423868048,0,2389721920187836697002,648133902557856850004370,687670361461050000000000,694039030491000000000000,0,0,0,0,4009997478292,0
100000,4,0,0,3,100,0,100,0,172800,1,60,1480455172740644207134,7278218062383423868048,0,2389721920187836697002,648133902557856850004370,687670361461050000000000,694039030491000000000000,0,0,0,0,4009997478292,0
100000,4,0,0,4,10,0,100,0,0,1,60,1422691128791978138609,7048740142430816176268,0,2193711722285943933454,648133902557856850004370,687670361461050000000000,693947785687000000000000,0,0,0,0,4009997478292,0
100000,4,0,0,5,10,0,100,0,43200,1,60,1429713026298934009202,7081000917086512908231,0,2220024371442899804047,648133902557856850004370,687670361461050000000000,693960764711000000000000,0,0,0,0,4009997478291,0
100000,4,0,0,6,10,0,100,0,1209600,1,60,1826782215852099828693,8901969291843654636522,0,3709226194755648882112,648133902557856850004370,687670361461050000000000,694689601497000000000000,0,0,0,0,4009997478292,0
100000,4,0,0,7,10,0,100,0,172800,3,60,1480455172740644207134,7278218062383423868048,0,2389721920187836697002,648133902557856850004370,687670361461050000000000,694039030491000000000000,0,0,0,0,4009997478292,0
100000,4,0,0,8,10,0,100,0,172800,7,60,1480455172740644207134,7278218062383423868048,0,2389721920187836697002,648133902557856850004370,687670361461050000000000,694039030491000000000000,0,0,0,0,4009997478292,0
100000,4,0,0,9,10,10,100,0,172800,1,60,1484317762105906612132,7034893793963975725721,0,3633621251474729616348,664436474905737986533722,661332920197630000000000,666218246411457000000000,0,0,0,0,3008821709011,0
100000,4,0,0,10,10,10,10,0,172800,1,60,1483263380879089371298,6828002064535836297372,0,3637195926364015037157,645196373539471207351590,683312596718430000000000,687529856059866000000000,0,0,3,2,3004901258059,0
100000,4,0,0,11,10,10,25,0,172800,1,60,1484317762105906612132,7034893793963975725721,0,3633621251474729616348,664436474905737986533722,661332920197630000000000,666218246411457000000000,0,0,0,0,3008821709011,0
100000,4,0,0,12,10,10,50,0,172800,1,60,1484317762105906612132,7034893793963975725721,0,3633621251474729616348,664436474905737986533722,661332920197630000000000,666218246411457000000000,0,0,0,0,3008821709011,0
100000,4,0,0,13,10,10,100,0,172800,1,60,1484317762105906612132,7034893793963975725721,0,3633621251474729616348,664436474905737986533722,661332920197630000000000,666218246411457000000000,0,0,0,0,3008821709011,0
100000,4,0,0,14,10,10,100,1,172800,1,60,1482298391507061868485,7130581566050363162147,301203482559197682186,3443117922495795477534,659900002445470677646790,690830665861710000000000,695698949235420000000000,0,0,0,0,3004930010165,0
100000,4,0,0,15,10,10,100,2,172800,1,60,1481200740029733005133,7134293515901479791516,500000000000000000000,3246542281603804245300,660926895164873827389140,692117734118050000000000,696986418125772000000000,0,0,0,0,3007069951042,0
100000,4,0,0,16,10,10,100,3,172800,1,60,1482668204022757624876,7156055899715116466070,500000000000000000000,3256469300265662938112,667024993159148255993149,687663487242320000000000,692545468299993000000000,0,0,0,0,3012904008216,0
100000,4,0,0,17,10,10,100,0,172800,1,1,851565770997197187743,4128238173650519441941,0,2713243233359196894675,476056521698650608968856,489948340686430000000000,492214621858812000000000,0,0,0,0,3009998464121,0
100000,4,0,0,18,10,10,100,0,172800,1,3,860281726066688861092,4196746779210569889237,0,2664139798138688568024,476171347947128784011844,485046639985670000000000,487439247876948000000000,0,0,0,0,3009998464120,0
100000,4,0,0,19,10,10,100,0,172800,1,7,877759786685463371964,4287065305023306195367,0,2610828388730463078896,476401083542085172645858,486137756227640000000000,488691464919435000000000,0,0,0,0,3009998464120,0
1000000,0,0,0,1,0,0,100,0,172800,1,60,7346318048991544088897,38458170586328698087869,0,0,4907747940844340485527415,4893957757270100000000000,4881353477106000000000000,0,0,0,0,8727192589747929471156,13233019522991282121114
1000000,0,0,0,2,50,0,100,0,172800,1,60,7346318048991544088897,38458170586328698087869,0,0,4907747940844340485527415,4893957757270100000000000,4881353477106000000000000,0,0,0,0,8727192589747929471156,13233019522991282121114
1000000,0,0,0,3,100,0,100,0,172800,1,60,7346318048991544088897,38458170586328698087869,0,0,4907747940844340485527415,4893957757270100000000000,4881353477106000000000000,0,0,0,0,8727192589747929471156,13233019522991282121114
1000000,0,0,0,4,10,0,100,0,0,1,60,7158034645642099355453,37476449552545286813113,0,0,4906564462896935222722622,4894021898020380000000000,4882457906252000000000000,0,0,0,0,8669931266425405945315,12730012858981493130397
1000000,0,0,0,5,10,0,100,0,43200,1,60,7181654736767147003667,37600773799723568320403,0,0,4906564462896935222722622,4894021898020380000000000,4882911888008000000000000,0,0,0,0,8777742561363350361922,12693317934516313668784
1000000,0,0,0,6,10,0,100,0,1209600,1,60,8476494387874451683952,44521160940130550728652,0,0,4914854805565669706828477,4894171058103030000000000,4866343049651000000000000,0,0,0,0,7963409813706831431815,17493739233889183252851
1000000,0,0,0,7,10,0,100,0,172800,3,60,7346318048991544088897,38458170586328698087869,0,0,4907747940844340485527415,4893957757270100000000000,4881353477106000000000000,0,0,0,0,8727192589747929471156,13233019522991282121114
1000000,0,0,0,8,10,0,100,0,172800,7,60,7346318048991544088897,38458170586328698087869,0,0,4907747940844340485527415,4893957757270100000000000,4881353477106000000000000,0,0,0,0,8727192589747929471156,13233019522991282121114
1000000,0,0,0,9,10,10,100,0,172800,1,60,7347441126034093212366,38134785284744073864972,0,375000053010000000000,4881880763220638429634765,4893494465280320000000000,4898553538774230000000000,0,0,0,0,3779509423775380225142,8519334149150680998890
1000000,0,0,0,10,10,10,10,0,172800,1,60,7309203436832340444782,37146437944938518849814,0,504035407081907625529,4815435334174401391656714,6427767560532890000000000,6463390267168704000000000,0,0,73,78,365349863503900638,243029161295914955388
1000000,0,0,0,11,10,10,25,0,172800,1,60,7319418057443820188803,37631036507993201058976,0,375000053010000000000,4853724691855094950361695,5757218802559210000000000,5779160719218117000000000,0,0,28,29,3072144437776632599743,3717926854145584700864
1000000,0,0,0,12,10,10,50,0,172800,1,60,7344994320246349779055,38098140758970770435022,0,375000053010000000000,4881880763220638429634765,5176583462936390000000000,5183436613495266000000000,0,0,0,0,3804228672797537241815,7788792261943426982193
1000000,0,0,0,13,10,10,100,0,172800,1,60,7347441126034093212366,38134785284744073864972,0,375000053010000000000,4881880763220638429634765,4893494465280320000000000,4898553538774230000000000,0,0,0,0,3779509423775380225142,8519334149150680998890
1000000,0,0,0,14,10,10,100,1,172800,1,60,7330707175907026314666,38134785284744073864972,2808724027957796004483,375000053010000000000,4879061180000100946923340,4893494465280320000000000,4889342960931870000000000,0,0,0,0,5105430596888497066913,10028090568270680998890
1000000,0,0,0,15,10,10,100,2,172800,1,60,7317651887304695265368,38134785284744073864972,5000000000000000000000,375000053010000000000,4876861432035958846942801,4893494465280320000000000,4884124498794693000000000,0,0,0,0,6459647369764798930709,10883428607970680998890
1000000,0,0,0,16,10,10,100,3,172800,1,60,7346836240376254096015,38283976512074112209331,5000000000000000000000,375000053010000000000,4907963453863795716183572,4924755103089870000000000,4915158755481684000000000,0,0,0,0,6412557418367219341493,10953034054707619719093
1000000,0,0,0,17,10,10,100,0,172800,1,1,4602037658743221280773,23152994307343674625212,0,2456248171360365242024,4760562440477855659484022,4840687034715340000000000,4836116195765082000000000,0,0,0,0,48653544428617398804,5795075632779565543190
1000000,0,0,0,18,10,10,100,0,172800,1,3,4691944338456566551554,23965462834548232206715,0,2179733590067176957556,4761710702302029647826413,4816132373314040000000000,4811124938179941000000000,0,0,0,0,81410118131083843510,6043708174906976747545
1000000,0,0,0,19,10,10,100,0,172800,1,7,4872220146195955724035,24834478328305204641629,0,1626609455179272087429,4764008056911708985094094,4815751510415010000000000,4812955567544115000000000,0,0,0,0,93182694497789800902,5961285025171105738512
1000000,1,0,0,1,0,0,100,0,172800,1,60,9301175964316440534026,48561429482150554888436,0,0,6986667631100897768134859,6974365264275220000000000,6958120759594000000000000,0,0,0,0,10956784536199316481492,16766758445690397391723
1000000,1,0,0,2,50,0,100,0,172800,1,60,9301175964316440534026,48561429482150554888436,0,0,6986667631100897768134859,6974365264275220000000000,6958120759594000000000000,0,0,0,0,10956784536199316481492,16766758445690397391723
1000000,1,0,0,3,100,0,100,0,172800,1,60,9301175964316440534026,48561429482150554888436,0,0,6986667631100897768134859,6974365264275220000000000,6958120759594000000000000,0,0,0,0,10956784536199316481492,16766758445690397391723
1000000,1,0,0,4,10,0,100,0,0,1,60,9032421096613479590942,47164555216804578643356,0,0,6984982832458644038890316,6974456530095680000000000,6959005396061000000000000,0,0,0,0,10755924359084942100920,16171272329790796764875
1000000,1,0,0,5,10,0,100,0,43200,1,60,9066136087595867171398,47341454029862906522627,0,0,6984982832458644038890316,6974456530095680000000000,6959625575363000000000000,0,0,0,0,10905272588536888351378,16123007976190589897770
1000000,1,0,0,6,10,0,100,0,1209600,1,60,10914384496603729730829,57188356048772662672007,0,0,6996784960333291333536895,6974668769328290000000000,6936813194687000000000000,0,0,0,0,9872506078606039226621,22821669998810955496671
1000000,1,0,0,7,10,0,100,0,172800,3,60,9301175964316440534026,48561429482150554888436,0,0,6986667631100897768134859,6974365264275220000000000,6958120759594000000000000,0,0,0,0,10956784536199316481492,16766758445690397391723
1000000,1,0,0,8,10,0,100,0,172800,7,60,9301175964316440534026,48561429482150554888436,0,0,6986667631100897768134859,6974365264275220000000000,6958120759594000000000000,0,0,0,0,10956784536199316481492,16766758445690397391723
1000000,1,0,0,9,10,10,100,0,172800,1,60,9330245001283505025316,48254580762684418962521,0,375000053010000000000,7168167706487524843490163,7193891059177890000000000,7202559820200210000000000,0,0,0,0,3369893658371034869149,10077177557085731028737
1000000,1,0,0,10,10,10,10,0,172800,1,60,9300126761974550718405,47247344610157151092219,0,565420095953206460234,6923970622752898447591683,8500298590260960000000000,8546320720438965000000000,0,0,55,59,136188068768564517653,221601126693575310715
1000000,1,0,0,11,10,10,25,0,172800,1,60,9301656228570455946587,47916956734669995122818,0,375000053010000000000,7160455106115032229828820,7835960148201460000000000,7862017348885878000000000,0,0,15,16,3385095046942235876539,5333696966795761944120
1000000,1,0,0,12,10,10,50,0,172800,1,60,9329920140137039915617,48246853174329242789943,0,375000053010000000000,7168167706487524843490163,7269441983408420000000000,7277848657081128000000000,0,0,0,0,3262201916382850767207,9987337115607078758514
1000000,1,0,0,13,10,10,100,0,172800,1,60,9330245001283505025316,48254580762684418962521,0,375000053010000000000,7168167706487524843490163,7193891059177890000000000,7202559820200210000000000,0,0,0,0,3369893658371034869149,10077177557085731028737
1000000,1,0,0,14,10,10,100,1,172800,1,60,9307925947197087990949,48236885878938588746818,3012033109186761041428,375000053010000000000,7117832504098843119017449,7144977654586080000000000,7145205777809055000000000,0,0,0,0,5104957934927823529946,11468763008819363458041
1000000,1,0,0,15,10,10,100,2,172800,1,60,9306023679129755181890,48287599252549753218682,5000000000000000000000,375000053010000000000,7128177661044403484598094,7157391475231390000000000,7151627546669997000000000,0,0,0,0,6123418159830395297925,12460087494992616407987
1000000,1,0,0,16,10,10,100,3,172800,1,60,9329640115656534004682,48403771989036439497126,5000000000000000000000,375000053010000000000,7194250397193566651459958,7225151692949970000000000,7218837226317393000000000,0,0,0,0,5952432024861005889783,12561715241958365687705
1000000,1,0,0,17,10,10,100,0,172800,1,1,4602037658743221280773,23152994307343674625212,0,2456248171360365242024,4760562440477855659484022,4840687034715340000000000,4836116195765082000000000,0,0,0,0,48653544428617398804,5795075632779565543190
1000000,1,0,0,18,10,10,100,0,172800,1,3,4691944338456566551554,23965462834548232206715,0,2179733590067176957556,4761710702302029647826413,4816132373314040000000000,4811124938179941000000000,0,0,0,0,81410118131083843510,6043708174906976747545
1000000,1,0,0,19,10,10,100,0,172800,1,7,4872220146195955724035,24834478328305204641629,0,1626609455179272087429,4764008056911708985094094,4815751510415010000000000,4812955567544115000000000,0,0,0,0,93182694497789800902,5961285025171105738512
1000000,2,0,0,1,0,0,100,0,172800,1,60,15206339369388504495416,42213233442964683020361,0,39808055563989108957739,4681771640819696450410957,4783336782584620000000000,4800948296246000000000000,0,0,0,0,4009999746495,0
1000000,2,0,0,2,50,0,100,0,172800,1,60,15206339369388504495416,42213233442964683020361,0,39808055563989108957739,4681771640819696450410957,4783336782584620000000000,4800948296246000000000000,0,0,0,0,4009999746495,0
1000000,2,0,0,3,100,0,100,0,172800,1,60,15206339369388504495416,42213233442964683020361,0,39808055563989108957739,4681771640819696450410957,4783336782584620000000000,4800948296246000000000000,0,0,0,0,4009999746495,0
1000000,2,0,0,4,10,0,100,0,0,1,60,14902829570091747086332,42212660313167848328895,0,39509647997898239346224,4681771640819696450410957,4783336782584620000000000,4800942620884000000000000,0,0,0,0,4009999746086,0
1000000,2,0,0,5,10,0,100,0,43200,1,60,14943842159631108588715,42212661514537319295037,0,39550469585800491861995,4681771640819696450410957,4783336782584620000000000,4800942813087000000000000,0,0,0,0,4009999746053,0
1000000,2,0,0,6,10,0,100,0,1209600,1,60,17029316165957406149363,42216680079536265686279,0,41600404225132703337069,4681771640819696450410957,4783336782584620000000000,4800982371010000000000000,0,0,0,0,4009999745722,0
1000000,2,0,0,7,10,0,100,0,172800,3,60,15206339369388504495416,42213233442964683020361,0,39808055563989108957739,4681771640819696450410957,4783336782584620000000000,4800948296246000000000000,0,0,0,0,4009999746495,0
1000000,2,0,0,8,10,0,100,0,172800,7,60,15206339369388504495416,42213233442964683020361,0,39808055563989108957739,4681771640819696450410957,4783336782584620000000000,4800948296246000000000000,0,0,0,0,4009999746495,0
1000000,2,0,0,9,10,10,100,0,172800,1,60,15251028746266362469738,42292434682366921434504,0,49429349330965354303475,4657689028634464975342464,4758840566901800000000000,4766954673871728000000000,0,0,0,0,4000000000000,0
1000000,2,0,0,10,10,10,10,0,172800,1,60,15251028746266362469738,42292434682366921434504,0,49429349330965354303475,4657689028634464975342464,4758840566901800000000000,4766954673871728000000000,0,0,0,0,4000000000000,0
1000000,2,0,0,11,10,10,25,0,172800,1,60,15251028746266362469738,42292434682366921434504,0,49429349330965354303475,4657689028634464975342464,4758840566901800000000000,4766954673871728000000000,0,0,0,0,4000000000000,0
1000000,2,0,0,12,10,10,50,0,172800,1,60,15251028746266362469738,42292434682366921434504,0,49429349330965354303475,4657689028634464975342464,4758840566901800000000000,4766954673871728000000000,0,0,0,0,4000000000000,0
1000000,2,0,0,13,10,10,100,0,172800,1,60,15251028746266362469738,42292434682366921434504,0,49429349330965354303475,4657689028634464975342464,4758840566901800000000000,4766954673871728000000000,0,0,0,0,4000000000000,0
1000000,2,0,0,14,10,10,100,1,172800,1,60,15246709902081039605289,42273517747642195944926,723984556057825002390,48690597505897170729227,4657689028634464975342464,4758840566901800000000000,4766946205754322000000000,0,0,0,0,4000000000000,0
1000000,2,0,0,15,10,10,100,2,172800,1,60,15234603776984213798107,43117515696034379580579,5000000000000000000000,44873321415928940720308,4657689028634464975342464,4758840566901800000000000,4767319356666885000000000,0,0,0,0,4000000000000,0
1000000,2,0,0,16,10,10,100,3,172800,1,60,15225853655259741021468,41994935569115380447282,5000000000000000000000,44233835411797665821849,4657689028634464975342464,4758840566901800000000000,4766827517080803000000000,0,0,0,0,4000000000000,0
1000000,2,0,0,17,10,10,100,0,172800,1,1,12712692991124160503254,58455081970308337225543,0,57407004845172160474960,4763535761159130916376169,4758840566901800000000000,4772601076431114000000000,0,0,0,0,3009999847423,0
1000000,2,0,0,18,10,10,100,0,172800,1,3,12953587393733536689497,59123033399154721207438,0,58025303238605536661203,4657689028634464975342464,4758840566901800000000000,4772891614710006000000000,0,0,0,0,3009999847423,0
1000000,2,0,0,19,10,10,100,0,172800,1,7,13144917958345126550501,60098325082849438312116,0,58774077222102298543718,4657689028634464975342464,4758840566901800000000000,4773309478688745000000000,0,0,0,0,3011171868464,0
1000000,3,0,0,1,0,0,100,0,172800,1,60,9374436687103183069780,41349644053625232740566,0,11414253339352942690950,6549913223388270621790410,6542369192576610000000000,6581678859284000000000000,0,0,0,0,4009999746320,0
1000000,3,0,0,2,50,0,100,0,172800,1,60,9374436687103183069780,41349644053625232740566,0,11414253339352942690950,6549913223388270621790410,6542369192576610000000000,6581678859284000000000000,0,0,0,0,4009999746320,0
1000000,3,0,0,3,100,0,100,0,172800,1,60,9374436687103183069780,41349644053625232740566,0,11414253339352942690950,6549913223388270621790410,6542369192576610000000000,6581678859284000000000000,0,0,0,0,4009999746320,0
1000000,3,0,0,4,10,0,100,0,0,1,60,9159659609207093370006,40504539304953528276440,0,11169141221786852991175,6549913223388270621790410,6542369192576610000000000,6580864080522000000000000,0,0,0,0,4009999746319,0
1000000,3,0,0,5,10,0,100,0,43200,1,60,9204394115763384225352,40678869804019714688801,0,11289564140403143846522,6549913223388270621790410,6542369192576610000000000,6580962721387000000000000,0,0,0,0,4009999746320,0
1000000,3,0,0,6,10,0,100,0,1209600,1,60,11092696472958937788460,48448309058860849990430,0,15228454579448697409630,6549913223388270621790410,6542369192576610000000000,6586681571126000000000000,0,0,0,0,4009999746320,0
1000000,3,0,0,7,10,0,100,0,172800,3,60,9374436687103183069780,41349644053625232740566,0,11414253339352942690950,6549913223388270621790410,6542369192576610000000000,6581678859284000000000000,0,0,0,0,4009999746320,0
1000000,3,0,0,8,10,0,100,0,172800,7,60,9374436687103183069780,41349644053625232740566,0,11414253339352942690950,6549913223388270621790410,6542369192576610000000000,6581678859284000000000000,0,0,0,0,4009999746320,0
1000000,3,0,0,9,10,10,100,0,172800,1,60,8849791277996073779605,41650522772477041043356,0,20570968389606455306493,4768040051554949953831076,4758840566901800000000000,4788769727180529000000000,0,0,0,0,3016381403133,0
1000000,3,0,0,10,10,10,10,0,172800,1,60,8849791277996073779605,41650522772477041043356,0,20570968389606455306493,4768040051554949953831076,4758840566901800000000000,4788769727180529000000000,0,0,0,0,3016381403133,0
1000000,3,0,0,11,10,10,25,0,172800,1,60,8849791277996073779605,41650522772477041043356,0,20570968389606455306493,4768040051554949953831076,4758840566901800000000000,4788769727180529000000000,0,0,0,0,3016381403133,0
1000000,3,0,0,12,10,10,50,0,172800,1,60,8849791277996073779605,41650522772477041043356,0,20570968389606455306493,4768040051554949953831076,4758840566901800000000000,4788769727180529000000000,0,0,0,0,3016381403133,0
1000000,3,0,0,13,10,10,100,0,172800,1,60,8849791277996073779605,41650522772477041043356,0,20570968389606455306493,4768040051554949953831076,4758840566901800000000000,4788769727180529000000000,0,0,0,0,3016381403133,0
1000000,3,0,0,14,10,10,100,1,172800,1,60,8843402752070829679509,41650522772477041043356,498357332098789095288,20066222531582422111109,4768040051554949953831076,4758840566901800000000000,4788769727180529000000000,0,0,0,0,3016381403134,0
1000000,3,0,0,15,10,10,100,2,172800,1,60,8785695442400163392039,41650522772477041043356,5000000000000000000000,15506872554010544918927,4768040051554949953831076,4758840566901800000000000,4788769727180529000000000,0,0,0,0,3016381403133,0
1000000,3,0,0,16,10,10,100,3,172800,1,60,8834978413437892098901,41647156168010012677683,5000000000000000000000,15516916340145273625789,4768040051554949953831076,4758840566901800000000000,4788805597749054000000000,0,0,0,0,3006381403253,0
1000000,3,0,0,17,10,10,100,0,172800,1,1,7067414532263413852558,34268970597466748086600,0,17332614664671413824264,4759818477831045390924344,4758840566901800000000000,4782844047192129000000000,0,0,0,0,3009999847423,0
1000000,3,0,0,18,10,10,100,0,172800,1,3,7113253997077591559356,34454121604253274975288,0,16924730780357591531062,4760470530088297191292140,4758840566901800000000000,4783482929666133000000000,0,0,0,0,3009999847423,0
1000000,3,0,0,19,10,10,100,0,172800,1,7,7410181630509434164593,36114342975369685614883,0,17416862005093434136299,4761774902592916247024916,4758840566901800000000000,4784947945144173000000000,0,0,0,0,3009999847423,0
1000000,4,0,0,1,0,0,100,0,172800,1,60,14804541403288625279588,72782148732209881920700,0,23897207089230852370240,6481335534803378345941160,6876699869637730000000000,6940389063287000000000000,0,0,0,0,4009999746197,0
1000000,4,0,0,2,50,0,100,0,172800,1,60,14804541403288625279588,72782148732209881920700,0,23897207089230852370240,6481335534803378345941160,6876699869637730000000000,6940389063287000000000000,0,0,0,0,4009999746197,0
1000000,4,0,0,3,100,0,100,0,172800,1,60,14804541403288625279588,72782148732209881920700,0,23897207089230852370240,6481335534803378345941160,6876699869637730000000000,6940389063287000000000000,0,0,0,0,4009999746197,0
1000000,4,0,0,4,10,0,100,0,0,1,60,14226901278570466308500,70487370309432511808012,0,21937105873746008746182,6481335534803378345941160,6876699869637730000000000,6939476743059000000000000,0,0,0,0,4009999746197,0
1000000,4,0,0,5,10,0,100,0,43200,1,60,14297120175084609033765,70809978017414502578593,0,22200232267240151471447,6481335534803378345941160,6876699869637730000000000,6939606440217000000000000,0,0,0,0,4009999746196,0
1000000,4,0,0,6,10,0,100,0,1209600,1,60,18267809950625252434634,89019652612728226728066,0,37092242946087702963838,6481335534803378345941160,6876699869637730000000000,6946894804704000000000000,0,0,0,0,4009999746197,0
1000000,4,0,0,7,10,0,100,0,172800,3,60,14804541403288625279588,72782148732209881920700,0,23897207089230852370240,6481335534803378345941160,6876699869637730000000000,6940389063287000000000000,0,0,0,0,4009999746197,0
1000000,4,0,0,8,10,0,100,0,172800,7,60,14804541403288625279588,72782148732209881920700,0,23897207089230852370240,6481335534803378345941160,6876699869637730000000000,6940389063287000000000000,0,0,0,0,4009999746197,0
1000000,4,0,0,9,10,10,100,0,172800,1,60,14843167270587902000323,70348901012385329946748,0,36336191543013767558803,6644361139468246435892824,6613325609039520000000000,6662181218416515000000000,0,0,0,0,3013865427684,0
1000000,4,0,0,10,10,10,10,0,172800,1,60,14832623489425813875258,68279984573182247884240,0,36371940123456800604364,6451960228020753238185602,6833122247006820000000000,6875297137662021000000000,0,0,3,2,3014032903492,0
1000000,4,0,0,11,10,10,25,0,172800,1,60,14843167270587902000323,70348901012385329946748,0,36336191543013767558803,6644361139468246435892824,6613325609039520000000000,6662181218416515000000000,0,0,0,0,3013865427684,0
1000000,4,0,0,12,10,10,50,0,172800,1,60,14843167270587902000323,70348901012385329946748,0,36336191543013767558803,6644361139468246435892824,6613325609039520000000000,6662181218416515000000000,0,0,0,0,3013865427684,0
1000000,4,0,0,13,10,10,100,0,172800,1,60,14843167270587902000323,70348901012385329946748,0,36336191543013767558803,6644361139468246435892824,6613325609039520000000000,6662181218416515000000000,0,0,0,0,3013865427684,0
1000000,4,0,0,14,10,10,100,1,172800,1,60,14822973567700726228566,71305777752229970433553,3012033109186761041428,34431158938515375526657,6598996424057315206261407,6908302890357210000000000,6956988174273600000000000,0,0,0,0,3006410209861,0
1000000,4,0,0,15,10,10,100,2,172800,1,60,14811997037643323579741,71342897270783731099943,5000000000000000000000,32465400712773151103158,6609265360169393070265232,6921173583983670000000000,6969862803953403000000000,0,0,0,0,3010827393806,0
1000000,4,0,0,16,10,10,100,3,172800,1,60,14826671667520144519683,71560519335034304731043,5000000000000000000000,32564669860782234448707,6670246322356024269934952,6876631107731200000000000,6925453351296966000000000,0,0,0,0,3011089800592,0
1000000,4,0,0,17,10,10,100,0,172800,1,1,8515648148344150201758,41282340298628598957123,0,27132401459036150173464,4760562440477855659484022,4899479179871600000000000,4922144486860581000000000,0,0,0,0,3009999847423,0
1000000,4,0,0,18,10,10,100,0,172800,1,3,8602807699163638849388,41967429276365960763762,0,26641367620308638821094,4761710702302029647826413,4850462359202000000000000,4874390941690098000000000,0,0,0,0,3009999847423,0
1000000,4,0,0,19,10,10,100,0,172800,1,7,8777588305580433506676,42870613986548183696385,0,26108254086585433478382,4764008056911708985094094,4861373513805230000000000,4886913181172841000000000,0,0,0,0,3009999847423,0
