round,label,asset,mode,days,fundedCryptoReturnPct,annualizedFundedCryptoPct,fundedCryptoUsd,unconvertedUserUsd,backingDeficitUsd,unadmittedInitialPct,totalTradingLossUsd,firstDeposit,firstCrypto,entryTrades,harvests
1,baseline-90d,ETH,observed,89.97430555555556,0.08040344817005865,0.32657481166435964,12.348164116176584,0.5097421824290904,0,0,16.003690513929655,27.10482638888889,83.55145833333333,14,1
1,baseline-90d,BTC,observed,89.97430555555556,0,0,0,12.010967542304478,0,0,17.88856021715382,27.10482638888889,,23,1
1,perfect-90d,ETH,perfect,89.97430555555556,0.7508697469046364,3.081200442693288,115.31673175309369,9.95816173838757,0,0,29.934191740174235,0,27.10482638888889,444,2
1,perfect-90d,BTC,perfect,89.97430555555556,0.3017044379823836,1.2295838982515628,40.563489544349785,181.5547693953262,0,0,31.817195142219013,0,28.986944444444443,304,1
1,baseline-training,ETH,observed,59.973194444444445,0,0,0,0,33.59406184049021,1.838274042023343,2.996470574855323,27.10482638888889,,1,0
1,baseline-training,BTC,observed,59.973194444444445,0,0,0,0,35.75460380919321,2.2311202471372598,3.989703390499926,27.10482638888889,,1,0
2,size-100-limit-8,ETH,observed,59.973194444444445,0,0,0,0,0.3815918640370768,98.7729784255253,-0.000877985702372186,27.10482638888889,,1,0
2,size-100-limit-8,BTC,observed,59.973194444444445,0,0,0,0,0.40539624865346013,98.77788900308921,0.008335034499992844,27.10482638888889,,1,0
2,size-100-limit-18,ETH,observed,59.973194444444445,0,0,0,0,0.38158266323569023,98.7729784255253,-0.000887190150014483,27.10482638888889,,1,0
2,size-100-limit-18,BTC,observed,59.973194444444445,0,0,0,0,0.40539624865346013,98.77788900308921,0.008335034499992844,27.10482638888889,,1,0
2,size-100-limit-48,ETH,observed,59.973194444444445,0,0,0,0,0.3815550658297582,98.7729784255253,-0.0009147984920949703,27.10482638888889,,1,0
2,size-100-limit-48,BTC,observed,59.973194444444445,0,0,0,0,0.40539624865346013,98.77788900308921,0.008335034499992844,27.10482638888889,,1,0
2,size-100-limit-98,ETH,observed,59.973194444444445,0,0,0,0,0.38150906935308626,98.7729784255253,-0.0009608131965554989,27.10482638888889,,1,0
2,size-100-limit-98,BTC,observed,59.973194444444445,0,0,0,0,0.40539624865346013,98.77788900308921,0.008335034499992844,27.10482638888889,,1,0
2,size-1000-limit-8,ETH,observed,59.973194444444445,0,0,0,0,3.8587378766906113,87.72978425525292,0.034039333437981156,27.10482638888889,,1,0
2,size-1000-limit-8,BTC,observed,59.973194444444445,0,0,0,0,4.100320046882985,87.77889003089214,0.12970785950005848,27.10482638888889,,1,0
2,size-1000-limit-18,ETH,observed,59.973194444444445,0,0,0,0,3.8586424166722963,87.72978425525292,0.03394383696374348,27.10482638888889,,1,0
2,size-1000-limit-18,BTC,observed,59.973194444444445,0,0,0,0,4.100320046882985,87.77889003089214,0.12970785950005848,27.10482638888889,,1,0
2,size-1000-limit-48,ETH,observed,59.973194444444445,0,0,0,0,3.858356042734272,87.72978425525292,0.03365735365571254,27.10482638888889,,1,0
2,size-1000-limit-48,BTC,observed,59.973194444444445,0,0,0,0,4.100320046882985,87.77889003089214,0.12970785950005848,27.10482638888889,,1,0
2,size-1000-limit-98,ETH,observed,59.973194444444445,0,0,0,0,3.8578787550845846,87.72978425525292,0.03317988372986491,27.10482638888889,,1,0
2,size-1000-limit-98,BTC,observed,59.973194444444445,0,0,0,0,4.100320046882985,87.77889003089214,0.12970785950005848,27.10482638888889,,1,0
2,size-8000-limit-8,ETH,observed,59.973194444444445,0,0,0,0,33.59406184049021,1.838274042023343,2.996470574855323,27.10482638888889,,1,0
2,size-8000-limit-8,BTC,observed,59.973194444444445,0,0,0,0,35.75460380919321,2.2311202471372598,3.989703390499926,27.10482638888889,,1,0
2,size-8000-limit-18,ETH,observed,59.973194444444445,0,0,0,0,33.59307520723087,1.838274042023343,2.9954836499573503,27.10482638888889,,1,0
2,size-8000-limit-18,BTC,observed,59.973194444444445,0,0,0,0,35.75460380919321,2.2311202471372598,3.989703390499926,27.10482638888889,,1,0
2,size-8000-limit-48,ETH,observed,59.973194444444445,0,0,0,0,33.59011537105562,1.838274042023343,2.992522938863601,27.10482638888889,,1,0
2,size-8000-limit-48,BTC,observed,59.973194444444445,0,0,0,0,35.75460380919321,2.2311202471372598,3.989703390499926,27.10482638888889,,1,0
2,size-8000-limit-98,ETH,observed,59.973194444444445,0,0,0,0,33.58518252279919,1.838274042023343,2.987588632373786,27.10482638888889,,1,0
2,size-8000-limit-98,BTC,observed,59.973194444444445,0,0,0,0,35.75460380919321,2.2311202471372598,3.989703390499926,27.10482638888889,,1,0
3,threshold-1-minimum-1-cadence-0-adaptive-false,ETH,observed,59.973194444444445,0,0,0,0,33.59406184049021,1.838274042023343,2.996470574855323,27.10482638888889,,1,0
3,threshold-1-minimum-1-cadence-0-adaptive-false,BTC,observed,59.973194444444445,0,0,0,0,35.75460380919321,2.2311202471372598,3.989703390499926,27.10482638888889,,1,0
3,threshold-1-minimum-1-cadence-0-adaptive-true,ETH,observed,59.973194444444445,0,0,0,0,33.59406184049021,1.838274042023343,2.996470574855323,27.10482638888889,,1,0
3,threshold-1-minimum-1-cadence-0-adaptive-true,BTC,observed,59.973194444444445,0,0,0,0,35.75460380919321,2.2311202471372598,3.989703390499926,27.10482638888889,,1,0
3,threshold-1-minimum-1-cadence-6-adaptive-false,ETH,observed,59.973194444444445,0,0,0,0,33.59406184049021,1.838274042023343,2.996470574855323,27.10482638888889,,1,0
3,threshold-1-minimum-1-cadence-6-adaptive-false,BTC,observed,59.973194444444445,0,0,0,0,35.75460380919321,2.2311202471372598,3.989703390499926,27.10482638888889,,1,0
3,threshold-1-minimum-1-cadence-6-adaptive-true,ETH,observed,59.973194444444445,0,0,0,0,33.59406184049021,1.838274042023343,2.996470574855323,27.10482638888889,,1,0
3,threshold-1-minimum-1-cadence-6-adaptive-true,BTC,observed,59.973194444444445,0,0,0,0,35.75460380919321,2.2311202471372598,3.989703390499926,27.10482638888889,,1,0
3,threshold-1-minimum-1-cadence-24-adaptive-false,ETH,observed,59.973194444444445,0,0,0,0,33.59406184049021,1.838274042023343,2.996470574855323,27.10482638888889,,1,0
3,threshold-1-minimum-1-cadence-24-adaptive-false,BTC,observed,59.973194444444445,0,0,0,0,35.75460380919321,2.2311202471372598,3.989703390499926,27.10482638888889,,1,0
3,threshold-1-minimum-1-cadence-24-adaptive-true,ETH,observed,59.973194444444445,0,0,0,0,33.59406184049021,1.838274042023343,2.996470574855323,27.10482638888889,,1,0
3,threshold-1-minimum-1-cadence-24-adaptive-true,BTC,observed,59.973194444444445,0,0,0,0,35.75460380919321,2.2311202471372598,3.989703390499926,27.10482638888889,,1,0
3,threshold-1-minimum-10-cadence-0-adaptive-false,ETH,observed,59.973194444444445,0,0,0,0,33.59406184049021,1.838274042023343,2.996470574855323,27.10482638888889,,1,0
3,threshold-1-minimum-10-cadence-0-adaptive-false,BTC,observed,59.973194444444445,0,0,0,0,35.75460380919321,2.2311202471372598,3.989703390499926,27.10482638888889,,1,0
3,threshold-1-minimum-10-cadence-0-adaptive-true,ETH,observed,59.973194444444445,0,0,0,0,33.59406184049021,1.838274042023343,2.996470574855323,27.10482638888889,,1,0
3,threshold-1-minimum-10-cadence-0-adaptive-true,BTC,observed,59.973194444444445,0,0,0,0,35.75460380919321,2.2311202471372598,3.989703390499926,27.10482638888889,,1,0
3,threshold-1-minimum-10-cadence-6-adaptive-false,ETH,observed,59.973194444444445,0,0,0,0,33.59406184049021,1.838274042023343,2.996470574855323,27.10482638888889,,1,0
3,threshold-1-minimum-10-cadence-6-adaptive-false,BTC,observed,59.973194444444445,0,0,0,0,35.75460380919321,2.2311202471372598,3.989703390499926,27.10482638888889,,1,0
3,threshold-1-minimum-10-cadence-6-adaptive-true,ETH,observed,59.973194444444445,0,0,0,0,33.59406184049021,1.838274042023343,2.996470574855323,27.10482638888889,,1,0
3,threshold-1-minimum-10-cadence-6-adaptive-true,BTC,observed,59.973194444444445,0,0,0,0,35.75460380919321,2.2311202471372598,3.989703390499926,27.10482638888889,,1,0
3,threshold-1-minimum-10-cadence-24-adaptive-false,ETH,observed,59.973194444444445,0,0,0,0,33.59406184049021,1.838274042023343,2.996470574855323,27.10482638888889,,1,0
3,threshold-1-minimum-10-cadence-24-adaptive-false,BTC,observed,59.973194444444445,0,0,0,0,35.75460380919321,2.2311202471372598,3.989703390499926,27.10482638888889,,1,0
3,threshold-1-minimum-10-cadence-24-adaptive-true,ETH,observed,59.973194444444445,0,0,0,0,33.59406184049021,1.838274042023343,2.996470574855323,27.10482638888889,,1,0
3,threshold-1-minimum-10-cadence-24-adaptive-true,BTC,observed,59.973194444444445,0,0,0,0,35.75460380919321,2.2311202471372598,3.989703390499926,27.10482638888889,,1,0
3,threshold-10-minimum-1-cadence-0-adaptive-false,ETH,observed,59.973194444444445,0,0,0,0,33.59406184049021,1.838274042023343,2.996470574855323,27.10482638888889,,1,0
3,threshold-10-minimum-1-cadence-0-adaptive-false,BTC,observed,59.973194444444445,0,0,0,0,35.75460380919321,2.2311202471372598,3.989703390499926,27.10482638888889,,1,0
3,threshold-10-minimum-1-cadence-0-adaptive-true,ETH,observed,59.973194444444445,0,0,0,0,33.59406184049021,1.838274042023343,2.996470574855323,27.10482638888889,,1,0
3,threshold-10-minimum-1-cadence-0-adaptive-true,BTC,observed,59.973194444444445,0,0,0,0,35.75460380919321,2.2311202471372598,3.989703390499926,27.10482638888889,,1,0
3,threshold-10-minimum-1-cadence-6-adaptive-false,ETH,observed,59.973194444444445,0,0,0,0,33.59406184049021,1.838274042023343,2.996470574855323,27.10482638888889,,1,0
3,threshold-10-minimum-1-cadence-6-adaptive-false,BTC,observed,59.973194444444445,0,0,0,0,35.75460380919321,2.2311202471372598,3.989703390499926,27.10482638888889,,1,0
3,threshold-10-minimum-1-cadence-6-adaptive-true,ETH,observed,59.973194444444445,0,0,0,0,33.59406184049021,1.838274042023343,2.996470574855323,27.10482638888889,,1,0
3,threshold-10-minimum-1-cadence-6-adaptive-true,BTC,observed,59.973194444444445,0,0,0,0,35.75460380919321,2.2311202471372598,3.989703390499926,27.10482638888889,,1,0
3,threshold-10-minimum-1-cadence-24-adaptive-false,ETH,observed,59.973194444444445,0,0,0,0,33.59406184049021,1.838274042023343,2.996470574855323,27.10482638888889,,1,0
3,threshold-10-minimum-1-cadence-24-adaptive-false,BTC,observed,59.973194444444445,0,0,0,0,35.75460380919321,2.2311202471372598,3.989703390499926,27.10482638888889,,1,0
3,threshold-10-minimum-1-cadence-24-adaptive-true,ETH,observed,59.973194444444445,0,0,0,0,33.59406184049021,1.838274042023343,2.996470574855323,27.10482638888889,,1,0
3,threshold-10-minimum-1-cadence-24-adaptive-true,BTC,observed,59.973194444444445,0,0,0,0,35.75460380919321,2.2311202471372598,3.989703390499926,27.10482638888889,,1,0
3,threshold-10-minimum-10-cadence-0-adaptive-false,ETH,observed,59.973194444444445,0,0,0,0,33.59406184049021,1.838274042023343,2.996470574855323,27.10482638888889,,1,0
3,threshold-10-minimum-10-cadence-0-adaptive-false,BTC,observed,59.973194444444445,0,0,0,0,35.75460380919321,2.2311202471372598,3.989703390499926,27.10482638888889,,1,0
3,threshold-10-minimum-10-cadence-0-adaptive-true,ETH,observed,59.973194444444445,0,0,0,0,33.59406184049021,1.838274042023343,2.996470574855323,27.10482638888889,,1,0
3,threshold-10-minimum-10-cadence-0-adaptive-true,BTC,observed,59.973194444444445,0,0,0,0,35.75460380919321,2.2311202471372598,3.989703390499926,27.10482638888889,,1,0
3,threshold-10-minimum-10-cadence-6-adaptive-false,ETH,observed,59.973194444444445,0,0,0,0,33.59406184049021,1.838274042023343,2.996470574855323,27.10482638888889,,1,0
3,threshold-10-minimum-10-cadence-6-adaptive-false,BTC,observed,59.973194444444445,0,0,0,0,35.75460380919321,2.2311202471372598,3.989703390499926,27.10482638888889,,1,0
3,threshold-10-minimum-10-cadence-6-adaptive-true,ETH,observed,59.973194444444445,0,0,0,0,33.59406184049021,1.838274042023343,2.996470574855323,27.10482638888889,,1,0
3,threshold-10-minimum-10-cadence-6-adaptive-true,BTC,observed,59.973194444444445,0,0,0,0,35.75460380919321,2.2311202471372598,3.989703390499926,27.10482638888889,,1,0
3,threshold-10-minimum-10-cadence-24-adaptive-false,ETH,observed,59.973194444444445,0,0,0,0,33.59406184049021,1.838274042023343,2.996470574855323,27.10482638888889,,1,0
3,threshold-10-minimum-10-cadence-24-adaptive-false,BTC,observed,59.973194444444445,0,0,0,0,35.75460380919321,2.2311202471372598,3.989703390499926,27.10482638888889,,1,0
3,threshold-10-minimum-10-cadence-24-adaptive-true,ETH,observed,59.973194444444445,0,0,0,0,33.59406184049021,1.838274042023343,2.996470574855323,27.10482638888889,,1,0
3,threshold-10-minimum-10-cadence-24-adaptive-true,BTC,observed,59.973194444444445,0,0,0,0,35.75460380919321,2.2311202471372598,3.989703390499926,27.10482638888889,,1,0
3,threshold-30-minimum-1-cadence-0-adaptive-false,ETH,observed,59.973194444444445,0,0,0,0,33.59406184049021,1.838274042023343,2.996470574855323,27.10482638888889,,1,0
3,threshold-30-minimum-1-cadence-0-adaptive-false,BTC,observed,59.973194444444445,0,0,0,0,35.75460380919321,2.2311202471372598,3.989703390499926,27.10482638888889,,1,0
3,threshold-30-minimum-1-cadence-0-adaptive-true,ETH,observed,59.973194444444445,0,0,0,0,33.59406184049021,1.838274042023343,2.996470574855323,27.10482638888889,,1,0
3,threshold-30-minimum-1-cadence-0-adaptive-true,BTC,observed,59.973194444444445,0,0,0,0,35.75460380919321,2.2311202471372598,3.989703390499926,27.10482638888889,,1,0
3,threshold-30-minimum-1-cadence-6-adaptive-false,ETH,observed,59.973194444444445,0,0,0,0,33.59406184049021,1.838274042023343,2.996470574855323,27.10482638888889,,1,0
3,threshold-30-minimum-1-cadence-6-adaptive-false,BTC,observed,59.973194444444445,0,0,0,0,35.75460380919321,2.2311202471372598,3.989703390499926,27.10482638888889,,1,0
3,threshold-30-minimum-1-cadence-6-adaptive-true,ETH,observed,59.973194444444445,0,0,0,0,33.59406184049021,1.838274042023343,2.996470574855323,27.10482638888889,,1,0
3,threshold-30-minimum-1-cadence-6-adaptive-true,BTC,observed,59.973194444444445,0,0,0,0,35.75460380919321,2.2311202471372598,3.989703390499926,27.10482638888889,,1,0
3,threshold-30-minimum-1-cadence-24-adaptive-false,ETH,observed,59.973194444444445,0,0,0,0,33.59406184049021,1.838274042023343,2.996470574855323,27.10482638888889,,1,0
3,threshold-30-minimum-1-cadence-24-adaptive-false,BTC,observed,59.973194444444445,0,0,0,0,35.75460380919321,2.2311202471372598,3.989703390499926,27.10482638888889,,1,0
3,threshold-30-minimum-1-cadence-24-adaptive-true,ETH,observed,59.973194444444445,0,0,0,0,33.59406184049021,1.838274042023343,2.996470574855323,27.10482638888889,,1,0
3,threshold-30-minimum-1-cadence-24-adaptive-true,BTC,observed,59.973194444444445,0,0,0,0,35.75460380919321,2.2311202471372598,3.989703390499926,27.10482638888889,,1,0
3,threshold-30-minimum-10-cadence-0-adaptive-false,ETH,observed,59.973194444444445,0,0,0,0,33.59406184049021,1.838274042023343,2.996470574855323,27.10482638888889,,1,0
3,threshold-30-minimum-10-cadence-0-adaptive-false,BTC,observed,59.973194444444445,0,0,0,0,35.75460380919321,2.2311202471372598,3.989703390499926,27.10482638888889,,1,0
3,threshold-30-minimum-10-cadence-0-adaptive-true,ETH,observed,59.973194444444445,0,0,0,0,33.59406184049021,1.838274042023343,2.996470574855323,27.10482638888889,,1,0
3,threshold-30-minimum-10-cadence-0-adaptive-true,BTC,observed,59.973194444444445,0,0,0,0,35.75460380919321,2.2311202471372598,3.989703390499926,27.10482638888889,,1,0
3,threshold-30-minimum-10-cadence-6-adaptive-false,ETH,observed,59.973194444444445,0,0,0,0,33.59406184049021,1.838274042023343,2.996470574855323,27.10482638888889,,1,0
3,threshold-30-minimum-10-cadence-6-adaptive-false,BTC,observed,59.973194444444445,0,0,0,0,35.75460380919321,2.2311202471372598,3.989703390499926,27.10482638888889,,1,0
3,threshold-30-minimum-10-cadence-6-adaptive-true,ETH,observed,59.973194444444445,0,0,0,0,33.59406184049021,1.838274042023343,2.996470574855323,27.10482638888889,,1,0
3,threshold-30-minimum-10-cadence-6-adaptive-true,BTC,observed,59.973194444444445,0,0,0,0,35.75460380919321,2.2311202471372598,3.989703390499926,27.10482638888889,,1,0
3,threshold-30-minimum-10-cadence-24-adaptive-false,ETH,observed,59.973194444444445,0,0,0,0,33.59406184049021,1.838274042023343,2.996470574855323,27.10482638888889,,1,0
3,threshold-30-minimum-10-cadence-24-adaptive-false,BTC,observed,59.973194444444445,0,0,0,0,35.75460380919321,2.2311202471372598,3.989703390499926,27.10482638888889,,1,0
3,threshold-30-minimum-10-cadence-24-adaptive-true,ETH,observed,59.973194444444445,0,0,0,0,33.59406184049021,1.838274042023343,2.996470574855323,27.10482638888889,,1,0
3,threshold-30-minimum-10-cadence-24-adaptive-true,BTC,observed,59.973194444444445,0,0,0,0,35.75460380919321,2.2311202471372598,3.989703390499926,27.10482638888889,,1,0
4,baseline-holdout,ETH,observed,29.986875,0,0,0,0.6765451940862476,0,8.378762318024534e-17,3.39242236954027,23.564027777777778,,14,0
4,baseline-holdout,BTC,observed,29.986875,0,0,0,0.5499527415023294,0,0.1818814750245874,3.5618163786493113,23.564027777777778,,13,0
4,selected-holdout,ETH,observed,29.986875,0,0,0,0.6765451940862476,0,8.378762318024534e-17,3.39242236954027,23.564027777777778,,14,0
4,selected-holdout,BTC,observed,29.986875,0,0,0,0.5499527415023294,0,0.1818814750245874,3.5618163786493113,23.564027777777778,,13,0
4,selected-90d,ETH,observed,89.97430555555556,0.08040344817005865,0.32657481166435964,12.348164116176584,0.5097421824290904,0,0,16.003690513929655,27.10482638888889,83.55145833333333,14,1
4,selected-90d,BTC,observed,89.97430555555556,0,0,0,12.010967542304478,0,0,17.88856021715382,27.10482638888889,,23,1
4,selected-perfect-90d,ETH,perfect,89.97430555555556,0.7508697469046364,3.081200442693288,115.31673175309369,9.95816173838757,0,0,29.934191740174235,0,27.10482638888889,444,2
4,selected-perfect-90d,BTC,perfect,89.97430555555556,0.3017044379823836,1.2295838982515628,40.563489544349785,181.5547693953262,0,0,31.817195142219013,0,28.986944444444443,304,1
4,selected-no-refill-90d,ETH,none,89.97430555555556,0.31851319729258165,1.2984206534289777,48.916474639473925,16.000455641546797,0,0,-20.504118838803354,27.10482638888889,83.55145833333333,34,1
4,selected-no-refill-90d,BTC,none,89.97430555555556,0.35984131574266265,1.4678212831755522,48.379863240874315,17.24294087542662,0,0,-19.287221027578425,27.10482638888889,83.55145833333333,34,1
4,adaptive-diagnostic-90d,ETH,observed,89.97430555555556,0.08040344817005865,0.32657481166435964,12.348164116176584,1.2231148186949212,0,0,14.827642611157783,27.10482638888889,83.55145833333333,16,1
4,adaptive-diagnostic-90d,BTC,observed,89.97430555555556,0,0,0,11.751352208393563,0,0,18.193057247267507,27.10482638888889,,29,1
4,adaptive-diagnostic-holdout,ETH,observed,29.986875,0,0,0,0.774976037772194,0,8.378762318024534e-17,3.311162025370777,23.564027777777778,,16,0
4,adaptive-diagnostic-holdout,BTC,observed,29.986875,0,0,0,0.6470736316826332,0,0.1818814750245874,3.4819340798035086,23.564027777777778,,15,0
4,adaptive-perfect-diagnostic-90d,ETH,perfect,89.97430555555556,0.7508697469046364,3.081200442693288,115.31673175309369,9.95816173838757,0,0,29.934191740174235,0,27.10482638888889,444,2
4,adaptive-perfect-diagnostic-90d,BTC,perfect,89.97430555555556,0.9696358406755796,3.9922165246703223,130.36537860728205,43.82878742325174,0,0,34.16756515672373,0,27.14736111111111,414,7
4,holdout-size-sensitivity-100,ETH,observed,29.986875,2.1449631534142808e-14,2.6645352591003757e-13,2.3955655814766884e-12,1.2825478195206415,0,0,2.662299608912022,23.564027777777778,,187,0
4,holdout-size-sensitivity-100,BTC,observed,29.986875,0,0,0,1.27485088179601,0,1.6765198144793724e-16,2.6648368641653235,23.564027777777778,,187,0
4,holdout-size-sensitivity-1000,ETH,observed,29.986875,0,0,0,0.990168767315663,0,0,2.64338544205026,23.564027777777778,,27,0
4,holdout-size-sensitivity-1000,BTC,observed,29.986875,0,0,0,0.9772017209979822,0,0.18188147502457533,2.6433854420502456,23.564027777777778,,26,0
4,holdout-size-sensitivity-8000,ETH,observed,29.986875,0,0,0,0.6765451940862476,0,8.378762318024534e-17,3.39242236954027,23.564027777777778,,14,0
4,holdout-size-sensitivity-8000,BTC,observed,29.986875,0,0,0,0.5499527415023294,0,0.1818814750245874,3.5618163786493113,23.564027777777778,,13,0
4,tail-sensitivity-0,ETH,observed,89.97430555555556,0.08268968037080268,0.33587253885840607,12.699278043066448,0.5097319878246708,0,0,15.634377955111205,27.10482638888889,83.55145833333333,14,1
4,tail-sensitivity-0,BTC,observed,89.97430555555556,0.08025737322054358,0.3259807711365692,10.79042503073351,1.7703493828382306,0,0,17.324524659596136,27.10482638888889,83.55145833333333,23,1
4,tail-sensitivity-25,ETH,observed,89.97430555555556,0.08166904099546217,0.3317216875675433,12.542530754275047,0.5097365389444348,0,0,15.799249633156064,27.10482638888889,83.55145833333333,14,1
4,tail-sensitivity-25,BTC,observed,89.97430555555556,0.07902779365846493,0.3209805657632847,10.62511079789072,1.7703544936511206,0,0,17.498097958127424,27.10482638888889,83.55145833333333,23,1
4,tail-sensitivity-100,ETH,observed,89.97430555555556,0.006024929351507445,0.024443664293549716,0.9252938538584697,11.830152272425766,0,0,16.15938047803854,27.10482638888889,83.64645833333333,24,1
4,tail-sensitivity-100,BTC,observed,89.97430555555556,0,0,0,12.01188534893108,0,0,17.88764147220551,27.10482638888889,,23,1
4,capital-sensitivity-100000,ETH,observed,89.97430555555556,0.008040344817019903,0.032621385563724736,12.348164116198143,0.9933332814984168,0,76.68236940174253,14.662080868651342,27.10482638888889,83.55145833333333,12,1
4,capital-sensitivity-100000,BTC,observed,89.97430555555556,0,0,0,9.768899268709356,0,71.0916331851985,19.82655058936876,27.10482638888889,,22,1
4,capital-sensitivity-1000000,ETH,observed,89.97430555555556,0.0008040344817331871,0.003261777797347598,12.348164116677257,0.9933332814984168,0,97.66823694017428,14.662080868651342,27.10482638888889,83.55145833333333,12,1
4,capital-sensitivity-1000000,BTC,observed,89.97430555555556,0,0,0,9.768899268709356,0,97.10916331851983,19.82655058936876,27.10482638888889,,22,1
4,fresh-bull,ETH,observed,13.992534722222222,0,0,0,0,0,100.00000000000001,0,,,0,0
4,fresh-bull,BTC,observed,13.992534722222222,0,0,0,0,0,100,0,,,0,0
4,fresh-bear-pullback,ETH,observed,13.930208333333333,0,0,0,0,6.72637080545519,0,2.533155517275361,9.092638888888889,,1,0
4,fresh-bear-pullback,BTC,observed,13.930208333333333,0,0,0,0,8.265654315275242,0,3.750762602689065,9.092638888888889,,1,0
4,fresh-saw,ETH,observed,13.946041666666666,0,0,0,0,4.576695179377566,1.6371356649447224e-14,3.77444051497514,13.089166666666667,,1,0
4,fresh-saw,BTC,observed,13.946041666666666,0,0,0,0,4.816233657275916,0.6487533266736231,3.989703390499926,13.089166666666667,,1,0
