tvl,path,outage,discountBps,dimension,swapCostBps,loopCostBps,slippageBps,incentiveMode,exitLagSeconds,harvestEveryDays,halfExitDay,mainInterestWei,loopInterestWei,incentiveWei,recoveryWei,peakDebtWei,hollarSoldWei,hollarBoughtWei,floorMisses,liquidations,ethReturnBps,btcReturnBps,surplusPaidWei,residualSourceClaimWei,recoveryLiquidityWei
100000,0,0,0,0,85,10,25,0,172800,1,60,731953082370707617667,3763106150745274666489,0,37500053010000000000,485372751075000117468625,575722377260200000000000,577916569043892000000000,0,0,27,29,303465116391011468929,371747164756596833204,0
100000,0,0,5000,0,85,10,25,0,172800,1,60,365466129027271018651,3763999030248389864169,0,37500053010000000000,485159113336423179394585,575721229650000000000000,577852389272907000000000,0,0,57,61,348617019415117951301,382260510046584283681,0
100000,0,0,10000,0,85,10,25,0,172800,1,60,0,3764508584902999469691,0,37500053010000000000,484945117182729849170474,575720574644850000000000,577852243840485000000000,0,0,92,98,360904464794998790973,382260510038577825749,0
100000,0,1,0,0,85,10,25,0,172800,1,60,731825823313421833207,3766256878926402024626,0,37500053010000000000,485286908633918972958988,549157735071240000000000,551299832480835000000000,0,0,28,30,331080101027696462783,386728506431623150266,0
100000,0,1,5000,0,85,10,25,0,172800,1,60,365426381545584765031,3767181175780054719356,0,37500053010000000000,485038068434413371167261,549156731708040000000000,551234879535798000000000,0,0,59,63,373695339864104863514,397350162668545927413,0
100000,0,1,10000,0,85,10,25,0,172800,1,60,0,3767691269437427205964,0,37500053010000000000,485011597228590524864956,549156211173710000000000,551234869117227000000000,0,0,93,99,392925603356998790973,397350162669534946985,0
100000,1,0,0,0,85,10,25,0,172800,1,60,930173156105477487686,4791698749379594910144,0,37500053010000000000,716045898532794108781589,783596664617250000000000,786202384604022000000000,0,0,14,15,336319621857037972613,533307036635795805649,0
100000,1,0,5000,0,85,10,25,0,172800,1,60,462962124862837381209,4765925764956261835604,0,37500053010000000000,699112037325468193756669,781404318304920000000000,783966922214112000000000,0,0,31,34,503100261670444659555,535575334041496323349,0
100000,1,0,10000,0,85,10,25,0,172800,1,60,0,4818675248300939495004,0,37500053010000000000,701079468423551569427955,782711003775620000000000,785371337984520000000000,0,0,56,59,610066154970874880301,533458713550389300604,0
100000,1,1,0,0,85,10,25,0,172800,1,60,893872148718679829922,4603337718601104782573,0,37500053010000000000,700742729105130052210014,759178599799530000000000,761540561505630000000000,0,0,13,13,309070444008748362930,545742869123146896161,0
100000,1,1,5000,0,85,10,25,0,172800,1,60,444407552107782166752,4583949282285665931810,0,37500053010000000000,701937269935084395845485,761041176053180000000000,763265103594273000000000,0,0,27,30,475559324467681558558,562033818471585710454,0
100000,1,1,10000,0,85,10,25,0,172800,1,60,0,4625158888495659155537,0,37500053010000000000,703308219271618040933328,762553402870520000000000,764639407304883000000000,0,0,49,55,559530284142180944720,594258584816331400216,0
100000,2,0,0,0,85,10,25,0,172800,1,60,1525103910071259301715,4229245794925709131709,0,4942937897838253401130,465769174493485957260273,475884334240620000000000,476695738933155000000000,0,0,0,0,4000000000000,0,0
100000,2,0,5000,0,85,10,25,0,172800,1,60,760541142734071556582,4457717969183258776213,0,4311340442048059347674,465756434759198286027396,475884334240620000000000,476791233197301000000000,0,0,0,0,4000000000000,0,0
100000,2,0,10000,0,85,10,25,0,172800,1,60,0,4557386842170858164419,0,3593545501702595362722,465743695025920614794520,475884334240620000000000,476848164037473000000000,0,0,0,0,3011594187766,0,0
100000,2,1,0,0,85,10,25,0,172800,1,60,1637744589868531990261,6921203548833327584701,0,6714235959414967367306,465769174493485957260273,475884334240620000000000,477728918090784000000000,32,0,0,0,3004434209699,0,0
100000,2,1,5000,0,85,10,25,0,172800,1,60,814087495403519225254,6925899589564528785362,0,5891351946756913931579,465756434759198286027396,475884334240620000000000,477732834372582000000000,2,0,0,0,3012393522665,0,0
100000,2,1,10000,0,85,10,25,0,172800,1,60,0,6960604645805743151378,0,5099700580585348775478,465743695025920614794520,475884334240620000000000,477745110780885000000000,0,0,0,0,3003347600882,0,0
100000,3,0,0,0,85,10,25,0,172800,1,60,884979725663913736460,4165054704295116209868,0,2057098022682756978378,476804283241566968367559,475884334240620000000000,478877081937624000000000,0,0,0,0,3008842012937,0,0
100000,3,0,5000,0,85,10,25,0,172800,1,60,441021855533764472428,4140870610988509274573,0,1610025974692249460796,476729342617176152512388,475884334240620000000000,478856018039607000000000,0,0,0,0,3009483747684,0,0
100000,3,0,10000,0,85,10,25,0,172800,1,60,0,4143194796199123572192,0,1167746871359762397800,476654465127651792157294,475884334240620000000000,478859597116947000000000,0,0,0,0,3003761177331,0,0
100000,3,1,0,0,85,10,25,0,172800,1,60,884979725663913736460,4165054704295116209868,0,2057098022682756978378,476804283241566968367559,475884334240620000000000,478877081937624000000000,2,0,0,0,3008842012937,0,0
100000,3,1,5000,0,85,10,25,0,172800,1,60,441021855533764472428,4140870610988509274573,0,1610025974692249460796,476729342617176152512388,475884334240620000000000,478856018039607000000000,0,0,0,0,3009483747684,0,0
100000,3,1,10000,0,85,10,25,0,172800,1,60,0,4143194796199123572192,0,1167746871359762397800,476654465127651792157294,475884334240620000000000,478859597116947000000000,0,0,0,0,3003761177331,0,0
100000,4,0,0,0,85,10,25,0,172800,1,60,1484317762105906612132,7034893793963975725721,0,3633621251474729616348,664436474905737986533722,661332920197630000000000,666218246411457000000000,0,0,0,0,3008821709011,0,0
100000,4,0,5000,0,85,10,25,0,172800,1,60,738214716822523735470,7292790357778209750910,0,3079668268681158695109,649630116173048644646179,682774836355050000000000,687725881691013000000000,0,0,0,0,3007633662616,0,0
100000,4,0,10000,0,85,10,25,0,172800,1,60,0,7451727298498858300239,0,2460756156017934182496,639748362120410944241517,699407924356550000000000,704399659171065000000000,0,0,0,0,1054484521177257014,0,0
100000,4,1,0,0,85,10,25,0,172800,1,60,1426853448435871949383,7121175700944383332660,0,3628655152216370774502,580437349844954890572563,576136088840380000000000,581055165921276000000000,0,0,0,0,3008497553208,0,0
100000,4,1,5000,0,85,10,25,0,172800,1,60,712075938141365963421,7173211873895703242902,0,3011852693143918345660,600479402173703887677058,596557428030070000000000,601430569021377000000000,0,0,0,0,3013551081381,0,0
100000,4,1,10000,0,85,10,25,0,172800,1,60,0,7245252783303815571521,0,2309819378584392885274,602508015599040444530186,601487564475920000000000,606424715826426000000000,0,0,0,0,2011887171869592205,0,0
100000000,0,0,0,0,85,10,25,0,172800,1,60,732978156316742554572329,3735711632746096945151682,0,37500000053010000000000,485478013937516433476496772,563324184198476070000000000,565439464456190883000000000,0,0,27,28,306461649886321547112827,386780325317314396919066,0
100000000,0,0,5000,0,85,10,25,0,172800,1,60,365961742326872383468733,3741126248346489178907343,0,37500000053010000000000,485270802274756183011230850,563318710316493810000000000,565374531501834192000000000,0,0,55,58,376825062683049743327447,397401995271053150404101,0
100000000,0,0,10000,0,85,10,25,0,172800,1,60,0,3746476872158304431302449,0,37500000053010000000000,485064048485283600754891368,563313301108132600000000000,565374473352676557000000000,0,0,89,95,396608449952707000001760,397401995481886906721226,0
100000000,0,1,0,0,85,10,25,0,172800,1,60,732978895947502485775442,3737781673032190512416260,0,37500000053010000000000,485300213235352574268976840,537500360051389160000000000,539561169992244492000000000,0,0,29,31,327265284894030822065088,398613145534079407533615,0
100000000,0,1,5000,0,85,10,25,0,172800,1,60,365986553742621026002875,3743259776766559367630906,0,37500000053010000000000,485050060831322012697507301,537494827463442660000000000,539494626997758582000000000,0,0,58,62,381011026794869734008566,409488445202907189670535,0
100000000,0,1,10000,0,85,10,25,0,172800,1,60,0,3748614838240090526714203,0,37500000053010000000000,485008763334165126389451009,537489446328749160000000000,539426246168504115000000000,0,0,92,98,392022331892845000001760,420670477752795085416166,0
100000000,1,0,0,0,85,10,25,0,172800,1,60,935049938492725396227469,4780604247304876252915777,0,37500000053010000000000,710905056913251598003833351,760685309690321790000000000,763091648447907141000000000,0,0,16,17,321021824814316098050946,568569603149127693054709,0
100000000,1,0,5000,0,85,10,25,0,172800,1,60,465982673114713434811542,4782636525654239369073747,0,37500000053010000000000,699323740880128136942073878,752832678918803920000000000,755291857488243363000000000,0,0,33,37,516003754139115801840094,557359022311391776811821,0
100000000,1,0,10000,0,85,10,25,0,172800,1,60,0,4822761615503452073877987,0,37500000053010000000000,705949946601795640448076829,771750920446515580000000000,774250716389314554000000000,0,0,59,63,569062447757483577783220,554696926587456280295061,0
100000000,1,1,0,0,85,10,25,0,172800,1,60,897804832653599856797449,4573451438672572234524763,0,37500000053010000000000,700608300393759876079270745,761214815860246210000000000,763616586705494832000000000,0,0,14,14,286361742900614265033654,529521104881340972450597,0
100000000,1,1,5000,0,85,10,25,0,172800,1,60,446828971671034013689928,4575688763699833695314800,0,37500000053010000000000,701856750006297011315396671,762458529482472580000000000,764840491401476025000000000,0,0,29,32,472479412173607353789200,530909024760292449545575,0
100000000,1,1,10000,0,85,10,25,0,172800,1,60,0,4610013794427970822904159,0,37500000053010000000000,703207585169128735734868251,763378572094405360000000000,765623380558058613000000000,0,0,50,56,561688245438360435385500,561562590567166142957003,0
100000000,2,0,0,0,85,10,25,0,172800,1,60,1529885446635114988319918,6552631637668459035534756,0,6348454728423559996866241,456737047381926405573738734,455986986704086340000000000,457721048929418424000000000,0,0,0,0,3009008545162,0,0
100000000,2,0,5000,0,85,10,25,0,172800,1,60,762194928298094421052918,6569923044266749443142270,0,5592423801639878980345956,456673285901600009272154044,455986986704086340000000000,457726680750343041000000000,0,0,0,0,3007559291879,0,0
100000000,2,0,10000,0,85,10,25,0,172800,1,60,0,6739921624893468787518503,0,4934675383177167805330509,456609566325964525148281779,455986986704086340000000000,457792232810389317000000000,0,0,0,0,3016805329321,0,0
100000000,2,1,0,0,85,10,25,0,172800,1,60,1644893781587895638152336,7496762919376165439494651,0,7056380616550540957976673,456737047381926405573738734,455986986704086340000000000,458072262640384182000000000,32,0,0,0,3009319823146,0,0
100000000,2,1,5000,0,85,10,25,0,172800,1,60,818103355447236116295998,7605294370712437910038942,0,6299478178449295417030292,456673285901600009272154044,455986986704086340000000000,458110906095159270000000000,2,0,0,0,3010300733118,0,0
100000000,2,1,10000,0,85,10,25,0,172800,1,60,0,7646323059920956928025915,0,5505823386790337239739028,456609566325964525148281779,455986986704086340000000000,458127486220106601000000000,0,0,0,0,3009239737847,0,0
100000000,3,0,0,0,85,10,25,0,172800,1,60,885005618290639508847648,4167864827592159164464795,0,2023490055474700966176514,457319229594129592301353129,455986986704086340000000000,459016366901644611000000000,0,0,0,0,3013457327618,0,0
100000000,3,0,5000,0,85,10,25,0,172800,1,60,441052532932064846317616,4160893966519470562974193,0,1577907813477987112023661,457205940107579207853744435,455986986704086340000000000,459011025200472831000000000,0,0,0,0,3010265704814,0,0
100000000,3,0,10000,0,85,10,25,0,172800,1,60,0,4154172298902322560499119,0,1135240495202804809078584,457092800272557927745525348,455986986704086340000000000,459005918318835462000000000,0,0,0,0,3008809077343,0,0
100000000,3,1,0,0,85,10,25,0,172800,1,60,885005618290639508847648,4167864827592159164464795,0,2023490055474700966176514,457319229594129592301353129,455986986704086340000000000,459016366901644611000000000,2,0,0,0,3013457327618,0,0
100000000,3,1,5000,0,85,10,25,0,172800,1,60,441052532932064846317616,4160893966519470562974193,0,1577907813477987112023661,457205940107579207853744435,455986986704086340000000000,459011025200472831000000000,0,0,0,0,3010265704814,0,0
100000000,3,1,10000,0,85,10,25,0,172800,1,60,0,4154172298902322560499119,0,1135240495202804809078584,457092800272557927745525348,455986986704086340000000000,459005918318835462000000000,0,0,0,0,3008809077343,0,0
100000000,4,0,0,0,85,10,25,0,172800,1,60,1492454793349110293094569,7217901695492020901309009,0,3810328781226648366564682,659793087882300000018829800,663684807089668950000000000,668584834518786606000000000,0,0,0,0,3014073468807,0,0
100000000,4,0,5000,0,85,10,25,0,172800,1,60,740950439202352540625270,7326667593314230670998715,0,3106711796251611462837849,649553915982520581293445037,667638846094329660000000000,672599752036078860000000000,0,0,0,0,3014922211265,0,0
100000000,4,0,10000,0,85,10,25,0,172800,1,60,0,7444849030139061818610624,0,2445366584082410058048006,638018827916837599661369040,675037696620580650000000000,680039532328439979000000000,0,0,0,0,2353557851557519210204,0,0
100000000,4,1,0,0,85,10,25,0,172800,1,60,1427375870381622067114979,6986392719053556210086353,0,3598327482861775850170089,579738306252001459289915395,575494767216339000000000000,580310208035216649000000000,0,0,0,0,3017783053816,0,0
100000000,4,1,5000,0,85,10,25,0,172800,1,60,712966564528230655853721,7081085632626670092553700,0,2985173775025408649048370,600403454217105728382102531,596512406166106070000000000,601321284294055443000000000,0,0,0,0,3003993193354,0,0
100000000,4,1,10000,0,85,10,25,0,172800,1,60,0,7206247728182873260989370,0,2336877955030805359846394,602340236438625932077073627,607272996836112720000000000,612143806287609540000000000,0,0,0,0,1439973715570422934936,0,0
10000000,0,0,0,0,85,10,25,0,172800,1,60,73195252935544279025965,376310340081512335418024,0,3750000053010000000000,48537244100203319423586241,57572183055439940000000000,57791602220898429000000000,0,0,27,29,30341567630962430450432,37179723740346583496769,0
10000000,0,0,5000,0,85,10,25,0,172800,1,60,36546585311239518358084,376399628014557694728478,0,3750000053010000000000,48515880348986209915978601,57572068291459710000000000,57785184248732991000000000,0,0,57,61,34856741605842663188842,38231056942412573018185,0
10000000,0,0,10000,0,85,10,25,0,172800,1,60,0,376450583489434574259387,0,3750000053010000000000,48494480755530006941340483,57572002790680020000000000,57785169705183099000000000,0,0,92,98,36085486190788999990852,38231056944960567010100,0
10000000,0,1,0,0,85,10,25,0,172800,1,60,73182527087155190399161,376625412427160715336133,0,3750000053010000000000,48528659731534232052723439,54915720435843180000000000,55129930176336372000000000,0,0,28,30,33103056033069774224130,38677858041982596947266,0
10000000,0,1,5000,0,85,10,25,0,172800,1,60,36542610571998194843275,376717842112531746001698,0,3750000053010000000000,48503775725933709247233848,54915620096530970000000000,55123434887383116000000000,0,0,59,63,37364574867017003442570,39740022271662520113719,0
10000000,0,1,10000,0,85,10,25,0,172800,1,60,0,376768851474172459299944,0,3750000053010000000000,48501128614159026887852984,54915568044756840000000000,55123433847081459000000000,0,0,93,99,39287601211628999990852,39740022272760509947043,0
10000000,1,0,0,0,85,10,25,0,172800,1,60,93017247470289528011188,479169536589558662880857,0,3750000053010000000000,71604547182710926858348476,78359594982762020000000000,78620166990434709000000000,0,0,14,15,33625149466045485450389,53337596266871758577346,0
10000000,1,0,5000,0,85,10,25,0,172800,1,60,46296178636016642124650,476592240287607102664114,0,3750000053010000000000,69911161977774110948728448,78140361067004930000000000,78396621473758671000000000,0,0,31,34,50303363307350631255201,53564275950656457609639,0
10000000,1,0,10000,0,85,10,25,0,172800,1,60,0,481867188461888208430452,0,3750000053010000000000,70107906219496430245427803,78271030783400540000000000,78537064206687426000000000,0,0,56,59,60999963109076883865808,53352589512846314332156,0
10000000,1,1,0,0,85,10,25,0,172800,1,60,89387149117122561657324,460333438462399799376360,0,3750000053010000000000,70074231069533196204386446,75917790748070590000000000,76153986942603237000000000,0,0,13,13,30900368049175737694579,54581033201804029281833,0
10000000,1,1,5000,0,85,10,25,0,172800,1,60,44440722443966168855329,458394595670074967084247,0,3750000053010000000000,70193685092970179069919879,76104048211804650000000000,76326441002920233000000000,0,0,27,30,47549241997136669944013,56210144494184440318848,0
10000000,1,1,10000,0,85,10,25,0,172800,1,60,0,462515555840812846990859,0,3750000053010000000000,70330779951275773889472945,76255270750220030000000000,76463871254552781000000000,0,0,49,55,55946325905820219060776,59432629295207206027142,0
10000000,2,0,0,0,85,10,25,0,172800,1,60,152510277108263599037431,422924323550902192536911,0,494293463684874590697025,46576887569987297527671231,47588402893459980000000000,47669544023293422000000000,0,0,0,0,4000000000000,0,0
10000000,2,0,5000,0,85,10,25,0,172800,1,60,76054057714791001540882,445771526508056630298439,0,431133779272355986780364,46575613597376297527671231,47588402893459980000000000,47679094678039461000000000,0,0,0,0,4000000000000,0,0
10000000,2,0,10000,0,85,10,25,0,172800,1,60,0,455738409058543601517000,0,359354327550601845376642,46574339624766307527671232,47588402893459980000000000,47684786953049478000000000,0,0,0,0,3001845365060,0,0
10000000,2,1,0,0,85,10,25,0,172800,1,60,163774339890774115789597,692119985462733675786569,0,671423203849956065003283,46576887569987297527671231,47588402893459980000000000,47772873881466957000000000,32,0,0,0,3004949201812,0,0
10000000,2,1,5000,0,85,10,25,0,172800,1,60,81408690280173085107759,692589579637261994668920,0,589134857107818509641501,46575613597376297527671231,47588402893459980000000000,47773266177877857000000000,2,0,0,0,3014424521905,0,0
10000000,2,1,10000,0,85,10,25,0,172800,1,60,0,696060085432311363635793,0,509969779105872084706552,46574339624766307527671232,47588402893459980000000000,47774493063912708000000000,0,0,0,0,3009084694685,0,0
10000000,3,0,0,0,85,10,25,0,172800,1,60,88497906801363588918294,416505203453437200167710,0,205709672016703863156825,47680397734635056153729281,47588402893459980000000000,47887696142486739000000000,0,0,0,0,3002274226329,0,0
10000000,3,0,5000,0,85,10,25,0,172800,1,60,44102152757425032683950,414086795660848843381556,0,161002499786565453204275,47672903677006341049319995,47588402893459980000000000,47885589157603716000000000,0,0,0,0,3004420508117,0,0
10000000,3,0,10000,0,85,10,25,0,172800,1,60,0,414319214035180861438846,0,116774622622560950031216,47665415932760228990000534,47588402893459980000000000,47885947297850970000000000,0,0,0,0,3004950018947,0,0
10000000,3,1,0,0,85,10,25,0,172800,1,60,88497906801363588918294,416505203453437200167710,0,205709672016703863156825,47680397734635056153729281,47588402893459980000000000,47887696142486739000000000,2,0,0,0,3002274226329,0,0
10000000,3,1,5000,0,85,10,25,0,172800,1,60,44102152757425032683950,414086795660848843381556,0,161002499786565453204275,47672903677006341049319995,47588402893459980000000000,47885589157603716000000000,0,0,0,0,3004420508117,0,0
10000000,3,1,10000,0,85,10,25,0,172800,1,60,0,414319214035180861438846,0,116774622622560950031216,47665415932760228990000534,47588402893459980000000000,47885947297850970000000000,0,0,0,0,3004950018947,0,0
10000000,4,0,0,0,85,10,25,0,172800,1,60,148431662355041672139246,703488973190634416444231,0,363361894437892466086111,66443607785250198597130002,66133252497648490000000000,66621810969360171000000000,0,0,0,0,3010793933840,0,0
10000000,4,0,5000,0,85,10,25,0,172800,1,60,73821414749976427259994,729278610179609400713839,0,307966637838092139707101,64962972648775928311238009,68277442688621830000000000,68772575780636166000000000,0,0,0,0,3006712434229,0,0
10000000,4,0,10000,0,85,10,25,0,172800,1,60,0,745172293786731695209709,0,246075473090036770741756,63974797629281253740876806,69940750321250410000000000,70439952293076168000000000,0,0,0,0,105449311868987316210,0,0
10000000,4,1,0,0,85,10,25,0,172800,1,60,142685233974843553089511,712117231814459696186154,0,362865357343943294059553,58043700339906526617651145,57613574508192370000000000,58105511318632374000000000,0,0,0,0,3006740957194,0,0
10000000,4,1,5000,0,85,10,25,0,172800,1,60,71207539153242771909773,717320769437265518010198,0,301185109944912285847873,60047903823859115452976224,59655706655346690000000000,60143049561475710000000000,0,0,0,0,3008513925162,0,0
10000000,4,1,10000,0,85,10,25,0,172800,1,60,0,724524863972711405919738,0,230981833271016449787005,60250765081508416845254927,60148720100805300000000000,60642464028845958000000000,0,0,0,0,201188797297918711131,0,0
1000000,0,0,0,0,85,10,25,0,172800,1,60,7319525796326570405950,37631036507993201058976,0,375000053010000000000,4853724691855094950361695,5757218802559210000000000,5779160719218117000000000,0,0,27,29,3034201699818334594345,3717926854145584700864,0
1000000,0,0,5000,0,85,10,25,0,172800,1,60,3654658781957632467925,37639965301451062758321,0,375000053010000000000,4851588316540977192127976,5757207326191350000000000,5778518921953821000000000,0,0,57,61,3485719251159235425964,3823060187084574294252,0
1000000,0,0,10000,0,85,10,25,0,172800,1,60,0,37645060848973985118652,0,375000053010000000000,4849448356990117018693698,5757200776105490000000000,5778517467592638000000000,0,0,92,98,3608593709197999881772,3823060187080568267170,0
1000000,0,1,0,0,85,10,25,0,172800,1,60,7318253210927603528198,37662543747033446034691,0,375000053010000000000,4852866256158925388138863,5491572526084100000000000,5512993500137850000000000,0,0,28,30,3310350645129685455192,3867740282828598939799,0
1000000,0,1,5000,0,85,10,25,0,172800,1,60,3654261307950804995468,37671786715635767921690,0,375000053010000000000,4850377855491061035418031,5491562492097650000000000,5512343971114053000000000,0,0,59,63,3736502572067773758010,3973956717673522209675,0
1000000,0,1,10000,0,85,10,25,0,172800,1,60,0,37676887651818552684935,0,375000053010000000000,4850113144210222007150241,5491557286944490000000000,5512343867108163000000000,0,0,93,99,3928805205982999881772,3973956717816512098403,0
1000000,1,0,0,0,85,10,25,0,172800,1,60,9301725366492397055838,47916956734669995122818,0,375000053010000000000,7160455106115032229828820,7835960148201460000000000,7862017348885878000000000,0,0,14,15,3362576875330830350476,5333696966795761944120,0
1000000,1,0,5000,0,85,10,25,0,172800,1,60,4629618171345733367788,47659227084661819172513,0,375000053010000000000,6991116577199633163709284,7814036750098570000000000,7839662790634065000000000,0,0,31,34,5030396886418359150021,5356366298456461136514,0
1000000,1,0,10000,0,85,10,25,0,172800,1,60,0,48186721903731324425849,0,375000053010000000000,7010790991175826375247761,7827103711051560000000000,7853707053365013000000000,0,0,56,59,6100056788573883028047,5335197876068321135377,0
1000000,1,1,0,0,85,10,25,0,172800,1,60,8938715509487184721785,46033346877186295424659,0,375000053010000000000,7007423487290647857532954,7591779704197900000000000,7615399323419235000000000,0,0,13,13,3090097492909458788551,5458041991707040168615,0
1000000,1,1,5000,0,85,10,25,0,172800,1,60,4444072542273768180103,45839462590157682744534,0,375000053010000000000,7019368890185385587646083,7610405451999830000000000,7632644730775209000000000,0,0,27,30,4754985019356904283733,5620952970610453906275,0
1000000,1,1,10000,0,85,10,25,0,172800,1,60,0,46251558611381200618914,0,375000053010000000000,7033078376714726646883000,7625527707140640000000000,7646387757011190000000000,0,0,49,55,5594693519449215326396,5943201377811218148114,0
1000000,2,0,0,0,85,10,25,0,172800,1,60,15251028746266362469738,42292434682366921434504,0,49429349330965354303475,4657689028634464975342464,4758840566901800000000000,4766954673871728000000000,0,0,0,0,4000000000000,0,0
1000000,2,0,5000,0,85,10,25,0,172800,1,60,7605406285656973384969,44577155109558618681496,0,43113380340251958979253,4657561631365930728767122,4758840566901800000000000,4767909727915674000000000,0,0,0,0,4000000000000,0,0
1000000,2,0,10000,0,85,10,25,0,172800,1,60,0,45573843407664443823915,0,35935434751391958317840,4657434234098406482191780,4758840566901800000000000,4768478959640148000000000,0,0,0,0,3010958199989,0,0
1000000,2,1,0,0,85,10,25,0,172800,1,60,16377435071773826188543,69212001905872021878575,0,67142323946440868143542,4657689028634464975342464,4758840566901800000000000,4777287548738643000000000,32,0,0,0,3011041835777,0,0
1000000,2,1,5000,0,85,10,25,0,172800,1,60,8140869566743137360301,69258961412473577064719,0,58913488781993027645079,4657561631365930728767122,4758840566901800000000000,4777326777119994000000000,2,0,0,0,3001890167604,0,0
1000000,2,1,10000,0,85,10,25,0,172800,1,60,0,69606011989860940017242,0,50996980429488952230019,4657434234098406482191780,4758840566901800000000000,4777449460961346000000000,0,0,0,0,3008952111554,0,0
1000000,3,0,0,0,85,10,25,0,172800,1,60,8849791277996073779605,41650522772477041043356,0,20570968389606455306493,4768040051554949953831076,4758840566901800000000000,4788769727180529000000000,0,0,0,0,3016381403133,0,0
1000000,3,0,5000,0,85,10,25,0,172800,1,60,4410215573881269644760,41408681979077630959634,0,16100250866304216102116,4767290645748347839016440,4758840566901800000000000,4788559033871742000000000,0,0,0,0,3012946332645,0,0
1000000,3,0,10000,0,85,10,25,0,172800,1,60,0,41431923818079988264661,0,11677462846920718130623,4766541871280951869664585,4758840566901800000000000,4788594841398372000000000,0,0,0,0,3013718005724,0,0
1000000,3,1,0,0,85,10,25,0,172800,1,60,8849791277996073779605,41650522772477041043356,0,20570968389606455306493,4768040051554949953831076,4758840566901800000000000,4788769727180529000000000,2,0,0,0,3016381403133,0,0
1000000,3,1,5000,0,85,10,25,0,172800,1,60,4410215573881269644760,41408681979077630959634,0,16100250866304216102116,4767290645748347839016440,4758840566901800000000000,4788559033871742000000000,0,0,0,0,3012946332645,0,0
1000000,3,1,10000,0,85,10,25,0,172800,1,60,0,41431923818079988264661,0,11677462846920718130623,4766541871280951869664585,4758840566901800000000000,4788594841398372000000000,0,0,0,0,3013718005724,0,0
1000000,4,0,0,0,85,10,25,0,172800,1,60,14843167270587902000323,70348901012385329946748,0,36336191543013767558803,6644361139468246435892824,6613325609039520000000000,6662181218416515000000000,0,0,0,0,3013865427684,0,0
1000000,4,0,5000,0,85,10,25,0,172800,1,60,7382141992626509750586,72927864886773719484810,0,30796665524756538791832,6496297619018923461863528,6827744640966250000000000,6877257688358811000000000,0,0,0,0,3005028912526,0,0
1000000,4,0,10000,0,85,10,25,0,172800,1,60,0,74517233342650342391215,0,24607548618038000660422,6397480113642777074101508,6994075414905550000000000,7043995354826772000000000,0,0,0,0,10544923070219717639,0,0
1000000,4,1,0,0,85,10,25,0,172800,1,60,14268524405392389004797,71211726257603532082618,0,36286537164580428992980,5804370348944666245807234,5761357763330030000000000,5810551173528930000000000,0,0,0,0,3003039859996,0,0
1000000,4,1,5000,0,85,10,25,0,172800,1,60,7120754412245457483896,71732080743088869966898,0,30118512448718783857570,6004790713222159383916965,5965570994135970000000000,6014305028459187000000000,0,0,0,0,3002326244788,0,0
1000000,4,1,10000,0,85,10,25,0,172800,1,60,0,72452490163688683770548,0,23098184285944191016010,6025076839735355208264014,6014872340472430000000000,6064246477281924000000000,0,0,0,0,20118878934660665058,0,0
500000,0,0,0,0,85,10,25,0,172800,1,60,3659763177444644440565,18815519642985100029572,0,187500053010000000000,2426862502568670680629357,2878609677394040000000000,2889580635786105000000000,0,0,27,29,1517125823880462212132,1858938138248586038649,0
500000,0,0,5000,0,85,10,25,0,172800,1,60,1827329530333609892974,18819984039488931747773,0,187500053010000000000,2425794314695397863971971,2878603939212570000000000,2889259737118992000000000,0,0,57,61,1742884677972182349435,1911504811067575309790,0
500000,0,0,10000,0,85,10,25,0,172800,1,60,0,18822531813163669626160,0,187500053010000000000,2424724334793690053340793,2878600664166600000000000,2889259009936902000000000,0,0,92,98,1804321906481999760572,1911504810763569408171,0
500000,0,1,0,0,85,10,25,0,172800,1,60,3659126884453451979048,18831273264810750199734,0,187500053010000000000,2426433285310329381832297,2745786531039380000000000,2756497018066659000000000,0,0,28,30,1655200346292066174673,1933844851005602924786,0
500000,0,1,5000,0,85,10,25,0,172800,1,60,1827130793281008582159,18835894749085992237591,0,187500053010000000000,2425189084919809031053083,2745781514104210000000000,2756172253563252000000000,0,0,59,63,1868276328476537950205,1986953076893525618251,0
500000,0,1,10000,0,85,10,25,0,172800,1,60,0,18838445217014921175188,0,187500053010000000000,2425056729206648714585427,2745778911538380000000000,2756172201574293000000000,0,0,93,99,1964427645432999760572,1986953076410515439871,0
500000,1,0,0,0,85,10,25,0,172800,1,60,4650863027384911200605,23958480076281263530536,0,187500053010000000000,3580227768596810414118806,3917980435078940000000000,3931009035372648000000000,0,0,14,15,1681322847558352932567,2666813672711765813078,0
500000,1,0,5000,0,85,10,25,0,172800,1,60,2314809256636347303291,23829615240244847888672,0,187500053010000000000,3495558499449108304755610,3907018732480230000000000,3919831752663828000000000,0,0,31,34,2515232090860844582804,2678149096648464952125,0
500000,1,0,10000,0,85,10,25,0,172800,1,60,0,24093362651195093804170,0,187500053010000000000,3505395700852563759605795,3913552206931690000000000,3926853878072265000000000,0,0,56,59,3050061990775882183422,2667565008530328694304,0
500000,1,1,0,0,85,10,25,0,172800,1,60,4469358086839789562982,23016675122303100104625,0,187500053010000000000,3503711954911413395163927,3795890201697950000000000,3807700011184293000000000,0,0,13,13,1545082459790880713643,2728986923491053095210,0
500000,1,1,5000,0,85,10,25,0,172800,1,60,2222036436627509892543,22919732974718247240608,0,187500053010000000000,3509684656737025721595895,3805203076488980000000000,3816322715688453000000000,0,0,27,30,2377526299845596761711,2810442330558468384087,0
500000,1,1,10000,0,85,10,25,0,172800,1,60,0,23125780987636292073440,0,187500053010000000000,3516539400373943531649171,3812764204783430000000000,3823194229419330000000000,0,0,49,55,2797380614359211616327,2971566491996230022509,0
500000,2,0,0,0,85,10,25,0,172800,1,60,7625514948373526071640,21146218633238466185248,0,24714676345594518188524,2328844665218345225205478,2379420437641310000000000,2383477491315330000000000,0,0,0,0,4000000000000,0,0
500000,2,0,5000,0,85,10,25,0,172800,1,60,3802703428473073883973,22288578920172547152131,0,21556691601388059785371,2328780966579947964931505,2379420437641310000000000,2383955018370270000000000,0,0,0,0,4000000000000,0,0
500000,2,0,10000,0,85,10,25,0,172800,1,60,0,22786923092891627271436,0,17967718539245549226507,2328717267942560704657534,2379420437641310000000000,2384239634237502000000000,0,0,0,0,3012548994700,0,0
500000,2,1,0,0,85,10,25,0,172800,1,60,8188718137364395446939,34606002816869122439412,0,33571163946737209019673,2328844665218345225205478,2379420437641310000000000,2388643864565535000000000,32,0,0,0,3014813332722,0,0
500000,2,1,5000,0,85,10,25,0,172800,1,60,4070435082652788243393,34629482620529842106471,0,29456746086073426604500,2328780966579947964931505,2379420437641310000000000,2388663473396076000000000,2,0,0,0,3011638123327,0,0
500000,2,1,10000,0,85,10,25,0,172800,1,60,0,34803007908728609541217,0,25498491623394865940044,2328717267942560704657534,2379420437641310000000000,2388724820857206000000000,0,0,0,0,3016865699481,0,0
500000,3,0,0,0,85,10,25,0,172800,1,60,4424895971133239929759,20825262733845232818958,0,10285484849960242810807,2384020180265450023567310,2379420437641310000000000,2394384927063228000000000,0,0,0,0,3005002636998,0,0
500000,3,0,5000,0,85,10,25,0,172800,1,60,2205107952577340296040,20704342329599696155140,0,8050125925030779586383,2383645477337854185952374,2379420437641310000000000,2394279579151593000000000,0,0,0,0,3010439041730,0,0
500000,3,0,10000,0,85,10,25,0,172800,1,60,0,20715963249770020383648,0,5838731750766057726521,2383271090080386888265387,2379420437641310000000000,2394297485932887000000000,0,0,0,0,3008057478511,0,0
500000,3,1,0,0,85,10,25,0,172800,1,60,4424895971133239929759,20825262733845232818958,0,10285484849960242810807,2384020180265450023567310,2379420437641310000000000,2394384927063228000000000,2,0,0,0,3005002636998,0,0
500000,3,1,5000,0,85,10,25,0,172800,1,60,2205107952577340296040,20704342329599696155140,0,8050125925030779586383,2383645477337854185952374,2379420437641310000000000,2394279579151593000000000,0,0,0,0,3010439041730,0,0
500000,3,1,10000,0,85,10,25,0,172800,1,60,0,20715963249770020383648,0,5838731750766057726521,2383271090080386888265387,2379420437641310000000000,2394297485932887000000000,0,0,0,0,3008057478511,0,0
500000,4,0,0,0,85,10,25,0,172800,1,60,7421584210332912599331,35174452558354049693405,0,18168096927765817111192,3322180770270402712279050,3306663004129980000000000,3331090671238665000000000,0,0,0,0,3011904254811,0,0
500000,4,0,5000,0,85,10,25,0,172800,1,60,3691071283862937666312,36463934592415008704571,0,15398333724162547382191,3248149006280866800687344,3413872527246960000000000,3438628907913108000000000,0,0,0,0,3012609457979,0,0
500000,4,0,10000,0,85,10,25,0,172800,1,60,0,37258618874304815324768,0,12303775009117211090248,3198740251749977534009709,3497037920252840000000000,3521997742721013000000000,0,0,0,0,5272457599432629385,0,0
500000,4,1,0,0,85,10,25,0,172800,1,60,7134262762652554419536,35605864837106390657151,0,18143269384562301605915,2902185349426201532216231,2880679055261690000000000,2905275613692510000000000,0,0,0,0,3016746927793,0,0
500000,4,1,5000,0,85,10,25,0,172800,1,60,3560377482178038932320,35866042482519021377433,0,15059257025435077190691,3002395540438224580692637,2982785679653420000000000,3007152553036248000000000,0,0,0,0,3006038002799,0,0
500000,4,1,10000,0,85,10,25,0,172800,1,60,0,36226247174398570338377,0,11549092664736340436654,3012538604101273093448101,3007436353805970000000000,3032123274191376000000000,0,0,0,0,10059439135810840424,0,0
50000000,0,0,0,0,85,10,25,0,172800,1,60,365977148281502366454447,1880660465461335055392652,0,18750000053010000000000,242684022158299852065721795,287862058902344930000000000,288958263474538476000000000,0,0,27,29,151507361747742115490397,185898820978239604338743,0
50000000,0,0,5000,0,85,10,25,0,172800,1,60,182733024883335008868302,1881260766516742913053860,0,18750000053010000000000,242577582232431184547561456,287861287320442770000000000,288926129718727209000000000,0,0,57,61,174283482278119696315526,191155486942345590226851,0
50000000,0,0,10000,0,85,10,25,0,172800,1,60,0,1881618239783742258946879,0,18750000053010000000000,242470837229274006182465210,287860827805938750000000000,288926027689808259000000000,0,0,92,98,180427208501689000000548,191155486957186581829246,0
50000000,0,1,0,0,85,10,25,0,172800,1,60,365913330689682737585390,1882230282751169044086572,0,18750000053010000000000,242643565521503591211204664,274579524236042980000000000,275649676114855428000000000,0,0,28,30,165313816833919936536697,193389492488440650014943,0
50000000,0,1,5000,0,85,10,25,0,172800,1,60,182713110129732020080407,1882851490170027155574572,0,18750000053010000000000,242519138494375974189400787,274578850282548170000000000,275617186499131290000000000,0,0,59,63,186822645280230276963100,198700313601111547530204,0
50000000,0,1,10000,0,85,10,25,0,172800,1,60,0,1883209340042255706178848,0,18750000053010000000000,242505588344064855643465184,274578485122480640000000000,275617179203703021000000000,0,0,93,99,196437781080221000000548,198700313610848533319970,0
50000000,1,0,0,0,85,10,25,0,172800,1,60,465087551169244196071906,2394951053189442549060020,0,18750000053010000000000,358020493968199946924518979,391785811044548960000000000,393087784802664267000000000,0,0,14,15,167935383443898994251478,266688278819445211320370,0
50000000,1,0,5000,0,85,10,25,0,172800,1,60,231484000812292979308855,2382254221643325925727654,0,18750000053010000000000,349553854349493523886202996,390604121220747670000000000,391884813297446166000000000,0,0,31,34,251437380115455764181558,267821815940714723057200,0
50000000,1,0,10000,0,85,10,25,0,172800,1,60,0,2408648148396936574191037,0,18750000053010000000000,350537172755019606107401308,391351616751136180000000000,392681099453337036000000000,0,0,56,59,305000088398482584378162,266762667046383355182983,0
50000000,1,1,0,0,85,10,25,0,172800,1,60,446935311020631938437046,2300732470635332233713496,0,18750000053010000000000,350368995438259148622156834,379587194411728540000000000,380767236204168243000000000,0,0,13,13,154294063156308834798468,272903553506294253363750,0
50000000,1,1,5000,0,85,10,25,0,172800,1,60,222203356539905634605639,2291136153270015740897861,0,18750000053010000000000,350966488872451062111177066,380518670361121570000000000,381629793764176254000000000,0,0,27,30,237560194314639083568737,281049262349525776380116,0
50000000,1,1,10000,0,85,10,25,0,172800,1,60,0,2311869938367138127904396,0,18750000053010000000000,351652368147729704679539175,381275431683749390000000000,382317726136937499000000000,0,0,49,55,279724711448550146318240,297162176739532874466172,0
50000000,2,0,0,0,85,10,25,0,172800,1,60,762555318560443397449321,2129964175232177988656026,0,2472345722111941392055184,237676033099187162152132765,237519830003719020000000000,237940003771084962000000000,0,0,0,0,4000000000000,0,0
50000000,2,0,5000,0,85,10,25,0,172800,1,60,380258498129958773194009,2232803141642681566349935,0,2151941695049457531769620,237663290231840932311029368,237519830003719020000000000,237980949940354536000000000,0,0,0,0,4000000000000,0,0
50000000,2,0,10000,0,85,10,25,0,172800,1,60,0,2289909054160371043934217,0,1794913575169212246030242,237650549458697253935867051,237519830003719020000000000,238014825470250201000000000,0,0,0,0,3009246027891,0,0
50000000,2,1,0,0,85,10,25,0,172800,1,60,818794779738822380912542,3437121567106732458629131,0,3340299719292160287687947,237676033099187162152132765,237519830003719020000000000,238435446506715657000000000,32,0,0,0,3009906773039,0,0
50000000,2,1,5000,0,85,10,25,0,172800,1,60,407026766231260143538229,3479439870762852246503556,0,2955903850094555759897877,237663290231840932311029368,237519830003719020000000000,238450392658242018000000000,2,0,0,0,3004616357276,0,0
50000000,2,1,10000,0,85,10,25,0,172800,1,60,0,3485920925162892049805767,0,2551966238481840742051560,237650549458697253935867051,237519830003719020000000000,238453784552694276000000000,0,0,0,0,3009742049194,0,0
50000000,3,0,0,0,85,10,25,0,172800,1,60,442555226943025740483969,2109167069928064007813778,0,1035472048698244240632738,238135493126985809530760689,237519830003719020000000000,239036080066520058000000000,0,0,0,0,3010500146283,0,0
50000000,3,0,5000,0,85,10,25,0,172800,1,60,220579490046651919898782,2120057189592838744577398,0,818170036810225044000741,238085243017987106436056661,237519830003719020000000000,239042296457784180000000000,0,0,0,0,3006124099492,0,0
50000000,3,0,10000,0,85,10,25,0,172800,1,60,0,2116764017409359433563915,0,596639341575965540952186,238035051214169728630643565,237519830003719020000000000,239039954493704568000000000,0,0,0,0,3015540949704,0,0
50000000,3,1,0,0,85,10,25,0,172800,1,60,442555226943025740483969,2109167069928064007813778,0,1035472048698244240632738,238135493126985809530760689,237519830003719020000000000,239036080066520058000000000,2,0,0,0,3010500146283,0,0
50000000,3,1,5000,0,85,10,25,0,172800,1,60,220579490046651919898782,2120057189592838744577398,0,818170036810225044000741,238085243017987106436056661,237519830003719020000000000,239042296457784180000000000,0,0,0,0,3006124099492,0,0
50000000,3,1,10000,0,85,10,25,0,172800,1,60,0,2116764017409359433563915,0,596639341575965540952186,238035051214169728630643565,237519830003719020000000000,239039954493704568000000000,0,0,0,0,3015540949704,0,0
50000000,4,0,0,0,85,10,25,0,172800,1,60,741757855738314754582939,3484801678137325301398343,0,1795714404110271330055847,332215812206282264634876796,330664938984320870000000000,333095783858687241000000000,0,0,0,0,3012575470310,0,0
50000000,4,0,5000,0,85,10,25,0,172800,1,60,369107981850393284220803,3645601599898217556004203,0,1540204980572023458580954,324812917971233772211220257,341385928500811360000000000,343860432808706847000000000,0,0,0,0,3006174357588,0,0
50000000,4,0,10000,0,85,10,25,0,172800,1,60,0,3725789566024247544316059,0,1231018297267153324161959,319872295568508075836183372,349672970289381230000000000,352168259753281185000000000,0,0,0,0,518487589484583744314,0,0
50000000,4,1,0,0,85,10,25,0,172800,1,60,713427647780432687460051,3559552015202162134121107,0,1814689004086559155680627,290214847133407390711131747,288065155595846860000000000,290523445958199582000000000,0,0,0,0,3010468217998,0,0
50000000,4,1,5000,0,85,10,25,0,172800,1,60,356038570184099372558184,3585806748759461056493739,0,1506294372247951172989565,300237581472923597736455824,298277388577355600000000000,300712939237938870000000000,0,0,0,0,3003800428829,0,0
50000000,4,1,10000,0,85,10,25,0,172800,1,60,0,3621926849074179795623925,0,1155220812423296781709660,301252143429264567384572973,300742489960040330000000000,303210196205918166000000000,0,0,0,0,1000498325248389760314,0,0
100000,0,0,0,1,0,10,25,0,172800,1,60,731940867311919035315,3763106150745274666489,0,37500053010000000000,485372751075000117468625,575722377260200000000000,577916569043892000000000,0,0,28,30,307767271965561348735,371747164756596833204,0
100000,0,0,0,2,50,10,25,0,172800,1,60,731948062217660052703,3763106150745274666489,0,37500053010000000000,485372751075000117468625,575722377260200000000000,577916569043892000000000,0,0,27,29,305232513924379792362,371747164756596833204,0
100000,0,0,0,3,100,10,25,0,172800,1,60,731955229767395154195,3763106150745274666489,0,37500053010000000000,485372751075000117468625,575722377260200000000000,577916569043892000000000,0,0,27,28,302709407078061409469,371747164756596833204,0
100000,0,0,0,4,85,10,25,0,0,1,60,713256500181008000570,3668631778841461392627,0,37500053010000000000,485372751075000117468625,576683373173400000000000,578758316963382000000000,0,0,21,23,309339711433961533849,373038406454957422309,0
100000,0,0,0,5,85,10,25,0,43200,1,60,715593578445537372618,3680538610856028021332,0,37500053010000000000,485372751075000117468625,576683373173400000000000,578726126379189000000000,0,0,21,23,307368081047091013466,381779731637318766352,0
100000,0,0,0,6,85,10,25,0,1209600,1,60,844236024387369971086,4332269506734373710302,0,37500053010000000000,485372751075000117468625,552015847171510000000000,553974985314171000000000,0,0,51,54,238149340312387185935,541434993459596911180,0
100000,0,0,0,7,85,10,25,0,172800,3,60,731980004369869052727,3766693398575555478357,0,37500053010000000000,485575197031747493757000,563040898917500000000000,565270431542190000000000,0,0,27,29,329238460329327521187,371748877610460389606,0
100000,0,0,0,8,85,10,25,0,172800,7,60,732242327245076336039,3779921490515889138464,0,37500053010000000000,485777735589056349627553,509726016575180000000000,511594023766104000000000,0,0,29,31,343674692135904397802,456642981675115577580,0
100000,0,0,0,9,85,10,25,0,172800,1,60,731953082370707617667,3763106150745274666489,0,37500053010000000000,485372751075000117468625,575722377260200000000000,577916569043892000000000,0,0,27,29,303465116391011468929,371747164756596833204,0
100000,0,0,0,10,85,10,10,0,172800,1,60,730925091777751217020,3714646267521092933218,0,50509062920011727217,481543813799053499568877,642777289830140000000000,646343329267413000000000,0,0,71,76,583847459364558102,23646456738924135936,0
100000,0,0,0,11,85,10,25,0,172800,1,60,731953082370707617667,3763106150745274666489,0,37500053010000000000,485372751075000117468625,575722377260200000000000,577916569043892000000000,0,0,27,29,303465116391011468929,371747164756596833204,0
100000,0,0,0,12,85,10,50,0,172800,1,60,734503594456804079260,3809816617128942144884,0,37500053010000000000,488188359345212608933928,517658803831950000000000,518344116730290000000000,0,0,0,0,377310727915979720917,778833443996555021480,0
100000,0,0,0,13,85,10,100,0,172800,1,60,734744614337272563291,3813481037331244140182,0,37500053010000000000,488188359345212608933928,489349845878040000000000,489855760002891000000000,0,0,0,0,377997338453199771316,851885861515563888759,0
100000,0,0,0,14,85,10,25,1,172800,1,60,730952071370168036658,3763106150745274666489,280872565786222306701,37500053010000000000,485091336073060717173284,575722377260200000000000,577916569043892000000000,0,0,50,53,346777356717754199626,371747164756596833204,0
100000,0,0,0,15,85,10,25,2,172800,1,60,729662999243305982829,3763106150745274666489,500000000000000000000,37500053010000000000,484871785448201253019230,575722377260200000000000,577269479805867000000000,0,0,50,54,460153357395716977366,478231974806596833204,0
100000,0,0,0,16,85,10,25,3,172800,1,60,731131974857762869526,3745678412902112150103,500000000000000000000,37500053010000000000,485314338779934250472199,624122101548090000000000,625830454978110000000000,0,0,56,60,373675953279463147005,371748694699705403234,0
100000,0,0,0,17,85,10,25,0,172800,1,1,459202351916009595050,2303060539914633892393,0,245624866097175879969,476056521698650608968856,546263967672160000000000,546377992016067000000000,0,0,2,2,4813721967606510583,386723960810210742713,0
100000,0,0,0,18,85,10,25,0,172800,1,3,468127338321203561307,2374254991030585025378,0,217973408410127130358,476171347947128784011844,541291323101690000000000,541455691097214000000000,0,0,3,4,5882451044067455286,398541170221861841621,0
100000,0,0,0,19,85,10,25,0,172800,1,7,486171663347563701889,2465646103112387856757,0,162660995909053575570,476401083542085172645858,542548144994720000000000,542877244262073000000000,0,0,3,3,5882459367334136592,398541143142164404807,0
100000,1,0,0,1,0,10,25,0,172800,1,60,930165332520510852570,4791698749379594910144,0,37500053010000000000,716045898532794108781589,783596664617250000000000,786202384604022000000000,0,0,15,16,338872696938159882454,533307036635795805649,0
100000,1,0,0,2,50,10,25,0,172800,1,60,930169932880071518008,4791698749379594910144,0,37500053010000000000,716045898532794108781589,783596664617250000000000,786202384604022000000000,0,0,15,15,337368793448894835563,533307036635795805649,0
100000,1,0,0,3,100,10,25,0,172800,1,60,930174535774559161881,4791698749379594910144,0,37500053010000000000,716045898532794108781589,783596664617250000000000,786202384604022000000000,0,0,14,15,335870873009441988815,533307036635795805649,0
100000,1,0,0,4,85,10,25,0,0,1,60,902612829635098182621,4651352267982898255929,0,37500053010000000000,716045898532794108781589,784978574135920000000000,787404571840395000000000,0,0,9,10,344432003263654850574,535763855680734332487,0
100000,1,0,0,5,85,10,25,0,43200,1,60,906060316090078234161,4668916350429452259022,0,37500053010000000000,716045898532794108781589,784978574135920000000000,787447891760112000000000,0,0,9,10,356275529755061673796,533815588986435549015,0
100000,1,0,0,6,85,10,25,0,1209600,1,60,1096161226985683850397,5637213914324293631508,0,37500053010000000000,716045898532794108781589,748752689873730000000000,751068222484473000000000,0,0,35,38,248287362808400184071,775237390806446754149,0
100000,1,0,0,7,85,10,25,0,172800,3,60,931551515908833829819,4810289983363352000732,0,37500053010000000000,716617066773055755204810,781799844095440000000000,784489946705073000000000,0,0,14,14,362816473695979334272,533306358987899723936,0
100000,1,0,0,8,85,10,25,0,172800,7,60,931773051036813925526,4816926004518568325798,0,37500053010000000000,716817159042238574740620,741586894300620000000000,743759859052584000000000,0,0,14,14,339819864952756302598,652660540945643527383,0
100000,1,0,0,9,85,10,25,0,172800,1,60,930173156105477487686,4791698749379594910144,0,37500053010000000000,716045898532794108781589,783596664617250000000000,786202384604022000000000,0,0,14,15,336319621857037972613,533307036635795805649,0
100000,1,0,0,10,85,10,10,0,172800,1,60,929985475068092941434,4724565818780520613570,0,56694921467399123385,692344605366044367442908,849968732095460000000000,854570782790001000000000,0,0,54,57,13525022798358815272,22095928157681922549,0
100000,1,0,0,11,85,10,25,0,172800,1,60,930173156105477487686,4791698749379594910144,0,37500053010000000000,716045898532794108781589,783596664617250000000000,786202384604022000000000,0,0,14,15,336319621857037972613,533307036635795805649,0
100000,1,0,0,12,85,10,50,0,172800,1,60,932993118197069882871,4824688396073240644606,0,37500053010000000000,716817159042238574740620,726944778486850000000000,727785446771268000000000,0,0,0,0,325130794582346605873,998670001960456994741,0
100000,1,0,0,13,85,10,100,0,172800,1,60,933025118205571902798,4825461147704624126005,0,37500053010000000000,716817159042238574740620,719389654182970000000000,720256538673810000000000,0,0,0,0,337053007058967993722,1007652710982682550137,0
100000,1,0,0,14,85,10,25,1,172800,1,60,928396524593102931477,4787500690477391721485,301203482559197682186,37500053010000000000,710680452135386082338661,778920516836130000000000,781562757619278000000000,0,0,23,26,493716128181282415906,529652706964312170895,0
100000,1,0,0,15,85,10,25,2,172800,1,60,928217270945428295290,4792512985380506269482,500000000000000000000,37500053010000000000,711713613497056366554606,780306629112680000000000,782361820103931000000000,0,0,23,26,596454073617812377742,627361462290953069535,0
100000,1,0,0,16,85,10,25,3,172800,1,60,929583843702386245779,4767373901069113596332,500000000000000000000,37500053010000000000,697591038910681753096967,824507483240550000000000,826589738176668000000000,0,0,25,26,537372885131314178576,539331388603246609900,0
100000,1,0,0,17,85,10,25,0,172800,1,1,459202351916009595559,2303060539914633892393,0,245624866097175879969,476056521698650608968856,546263967672160000000000,546377992016067000000000,0,0,1,1,4813721967606473459,386723960810210742713,0
100000,1,0,0,18,85,10,25,0,172800,1,3,468127338321203562363,2374254991030585025378,0,217973408410127130358,476171347947128784011844,541291323101690000000000,541455691097214000000000,0,0,2,2,5882451044067476233,398541170221861841621,0
100000,1,0,0,19,85,10,25,0,172800,1,7,486171663347563702908,2465646103112387856757,0,162660995909053575570,476401083542085172645858,542548144994720000000000,542877244262073000000000,0,0,1,2,5882459367334175600,398541143142164404807,0
100000,2,0,0,1,0,10,25,0,172800,1,60,1525103910071259301715,4229245794925709131709,0,4942937897838253401130,465769174493485957260273,475884334240620000000000,476695738933155000000000,0,0,0,0,4000000000000,0,0
100000,2,0,0,2,50,10,25,0,172800,1,60,1525103910071259301715,4229245794925709131709,0,4942937897838253401130,465769174493485957260273,475884334240620000000000,476695738933155000000000,0,0,0,0,4000000000000,0,0
100000,2,0,0,3,100,10,25,0,172800,1,60,1525103910071259301715,4229245794925709131709,0,4942937897838253401130,465769174493485957260273,475884334240620000000000,476695738933155000000000,0,0,0,0,4000000000000,0,0
100000,2,0,0,4,85,10,25,0,0,1,60,1494753011438677927685,4229088493741830832716,0,4913324821232686735683,465769174493485957260273,475884334240620000000000,476694843813171000000000,0,0,0,0,4000000000000,0,0
100000,2,0,0,5,85,10,25,0,43200,1,60,1498930389219351539080,4229089125588468946588,0,4917466703963366609509,465769174493485957260273,475884334240620000000000,476694879939009000000000,0,0,0,0,4000000000000,0,0
100000,2,0,0,6,85,10,25,0,1209600,1,60,1707396913345644214988,4230191742096545308132,0,5120802711480746781198,465769174493485957260273,475884334240620000000000,476701113115593000000000,0,0,0,0,4000000000000,0,0
100000,2,0,0,7,85,10,25,0,172800,3,60,1525103910071259301715,4229245794925709131709,0,4942937897838253401130,465769174493485957260273,475884334240620000000000,476695738933155000000000,0,0,0,0,4000000000000,0,0
100000,2,0,0,8,85,10,25,0,172800,7,60,1525103910071259301715,4229245794925709131709,0,4942937897838253401130,465769174493485957260273,475884334240620000000000,476695738933155000000000,0,0,0,0,4000000000000,0,0
100000,2,0,0,9,85,10,25,0,172800,1,60,1525103910071259301715,4229245794925709131709,0,4942937897838253401130,465769174493485957260273,475884334240620000000000,476695738933155000000000,0,0,0,0,4000000000000,0,0
100000,2,0,0,10,85,10,10,0,172800,1,60,1525103910071259301715,4229245794925709131709,0,4942937897838253401130,465769174493485957260273,475884334240620000000000,476695738933155000000000,0,0,0,0,4000000000000,0,0
100000,2,0,0,11,85,10,25,0,172800,1,60,1525103910071259301715,4229245794925709131709,0,4942937897838253401130,465769174493485957260273,475884334240620000000000,476695738933155000000000,0,0,0,0,4000000000000,0,0
100000,2,0,0,12,85,10,50,0,172800,1,60,1525103910071259301715,4229245794925709131709,0,4942937897838253401130,465769174493485957260273,475884334240620000000000,476695738933155000000000,0,0,0,0,4000000000000,0,0
100000,2,0,0,13,85,10,100,0,172800,1,60,1525103910071259301715,4229245794925709131709,0,4942937897838253401130,465769174493485957260273,475884334240620000000000,476695738933155000000000,0,0,0,0,4000000000000,0,0
100000,2,0,0,14,85,10,25,1,172800,1,60,1524672025619220850804,4227354100859399181606,72398493000782117587,4869062677476396559676,465769174493485957260273,475884334240620000000000,476694892471464000000000,0,0,0,0,4000000000000,0,0
100000,2,0,0,15,85,10,25,2,172800,1,60,1523461411529084891010,4311753945579385657432,500000000000000000000,4487335121587814810944,465769174493485957260273,475884334240620000000000,476732206211373000000000,0,0,0,0,4000000000000,0,0
100000,2,0,0,16,85,10,25,3,172800,1,60,1522586402492561310191,4199495889185473137016,500000000000000000000,4423386540281488548889,465769174493485957260273,475884334240620000000000,476683026359454000000000,0,0,0,0,4000000000000,0,0
100000,2,0,0,17,85,10,25,0,172800,1,1,1271270680634220854339,5845510730044702652657,0,5740703657563220561271,476353853940191480145777,475884334240620000000000,477260154138969000000000,0,0,0,0,3009998464120,0,0
100000,2,0,0,18,85,10,25,0,172800,1,3,1295360125975486033796,5912306417973810654568,0,5802533866837485740728,465769174493485957260273,475884334240620000000000,477289201138893000000000,0,0,0,0,3009998464120,0,0
100000,2,0,0,19,85,10,25,0,172800,1,7,1314493129091673650427,6009833861426680068876,0,5877410157373364374119,465769174493485957260273,475884334240620000000000,477330992764434000000000,0,0,0,0,3017689486759,0,0
100000,3,0,0,1,0,10,25,0,172800,1,60,884979725663913736460,4165054704295116209868,0,2057098022682756978378,476804283241566968367559,475884334240620000000000,478877081937624000000000,0,0,0,0,3008842012937,0,0
100000,3,0,0,2,50,10,25,0,172800,1,60,884979725663913736460,4165054704295116209868,0,2057098022682756978378,476804283241566968367559,475884334240620000000000,478877081937624000000000,0,0,0,0,3008842012937,0,0
100000,3,0,0,3,100,10,25,0,172800,1,60,884979725663913736460,4165054704295116209868,0,2057098022682756978378,476804283241566968367559,475884334240620000000000,478877081937624000000000,0,0,0,0,3008842012937,0,0
100000,3,0,0,4,85,10,25,0,0,1,60,863358199009990152859,4070031274724109296677,0,2027895692411833394777,476804283241566968367559,475884334240620000000000,478789644143943000000000,0,0,0,0,3008842012935,0,0
100000,3,0,0,5,85,10,25,0,43200,1,60,867879054473816358507,4090001931257923043891,0,2041326826207659600425,476804283241566968367559,475884334240620000000000,478800702939078000000000,0,0,0,0,3008842012936,0,0
100000,3,0,0,6,85,10,25,0,1209600,1,60,1059117859226554740310,4936370862865807965244,0,2482685038971397982228,476804283241566968367559,475884334240620000000000,479396956076091000000000,0,0,0,0,3008842012936,0,0
100000,3,0,0,7,85,10,25,0,172800,3,60,884979725663913736460,4165054704295116209868,0,2057098022682756978378,476804283241566968367559,475884334240620000000000,478877081937624000000000,0,0,0,0,3008842012937,0,0
100000,3,0,0,8,85,10,25,0,172800,7,60,884979725663913736460,4165054704295116209868,0,2057098022682756978378,476804283241566968367559,475884334240620000000000,478877081937624000000000,0,0,0,0,3008842012937,0,0
100000,3,0,0,9,85,10,25,0,172800,1,60,884979725663913736460,4165054704295116209868,0,2057098022682756978378,476804283241566968367559,475884334240620000000000,478877081937624000000000,0,0,0,0,3008842012937,0,0
100000,3,0,0,10,85,10,10,0,172800,1,60,884979725663913736460,4165054704295116209868,0,2057098022682756978378,476804283241566968367559,475884334240620000000000,478877081937624000000000,0,0,0,0,3008842012937,0,0
100000,3,0,0,11,85,10,25,0,172800,1,60,884979725663913736460,4165054704295116209868,0,2057098022682756978378,476804283241566968367559,475884334240620000000000,478877081937624000000000,0,0,0,0,3008842012937,0,0
100000,3,0,0,12,85,10,50,0,172800,1,60,884979725663913736460,4165054704295116209868,0,2057098022682756978378,476804283241566968367559,475884334240620000000000,478877081937624000000000,0,0,0,0,3008842012937,0,0
100000,3,0,0,13,85,10,100,0,172800,1,60,884979725663913736460,4165054704295116209868,0,2057098022682756978378,476804283241566968367559,475884334240620000000000,478877081937624000000000,0,0,0,0,3008842012937,0,0
100000,3,0,0,14,85,10,25,1,172800,1,60,884340872698587840638,4165054704295116209868,49835762291447340891,2006623407425983741665,476804283241566968367559,475884334240620000000000,478877081937624000000000,0,0,0,0,3008842012937,0,0
100000,3,0,0,15,85,10,25,2,172800,1,60,878570142104322697702,4165054704295116209868,500000000000000000000,1550688439123165939620,476804283241566968367559,475884334240620000000000,478877081937624000000000,0,0,0,0,3008842012937,0,0
100000,3,0,0,16,85,10,25,3,172800,1,60,883498440003029390535,4164718058780439411402,500000000000000000000,1551692819939872632453,476804283241566968367559,475884334240620000000000,478880668610361000000000,0,0,0,0,3018841988937,0,0
100000,3,0,0,17,85,10,25,0,172800,1,1,706742255681282009694,3426898748960895859134,0,1733262481246281716626,475982125390579357737251,475884334240620000000000,478284427320489000000000,0,0,0,0,3009998464120,0,0
100000,3,0,0,18,85,10,25,0,172800,1,3,711326202152738779678,3445413861409862542521,0,1692474052138738486610,476047330653425012258570,475884334240620000000000,478348309761102000000000,0,0,0,0,3009998464121,0,0
100000,3,0,0,19,85,10,25,0,172800,1,7,741018953523307268866,3611436110831548717224,0,1741687250971306975798,476177767979961745701793,475884334240620000000000,478494818555652000000000,0,0,0,0,3009998464121,0,0
100000,4,0,0,1,0,10,25,0,172800,1,60,1484317762105906612132,7034893793963975725721,0,3633621251474729616348,664436474905737986533722,661332920197630000000000,666218246411457000000000,0,0,0,0,3008821709011,0,0
100000,4,0,0,2,50,10,25,0,172800,1,60,1484317762105906612132,7034893793963975725721,0,3633621251474729616348,664436474905737986533722,661332920197630000000000,666218246411457000000000,0,0,0,0,3008821709011,0,0
100000,4,0,0,3,100,10,25,0,172800,1,60,1484317762105906612132,7034893793963975725721,0,3633621251474729616348,664436474905737986533722,661332920197630000000000,666218246411457000000000,0,0,0,0,3008821709011,0,0
100000,4,0,0,4,85,10,25,0,0,1,60,1425937338624122326857,6765335696443478758689,0,3414707725404945331073,664436474905737986533722,661332920197630000000000,666109214263746000000000,0,0,0,0,3008821709011,0,0
100000,4,0,0,5,85,10,25,0,43200,1,60,1432959382413695191861,6794953676243980070050,0,3439395448156518196077,664436474905737986533722,661332920197630000000000,666121164562485000000000,0,0,0,0,3008821709012,0,0
100000,4,0,0,6,85,10,25,0,1209600,1,60,1834051926818716099846,8470875454715471667318,0,4833925510776539104062,664436474905737986533722,661332920197630000000000,666803665371492000000000,0,0,0,0,3018821707812,0,0
100000,4,0,0,7,85,10,25,0,172800,3,60,1484317762105906612132,7034893793963975725721,0,3633621251474729616348,664436474905737986533722,661332920197630000000000,666218246411457000000000,0,0,0,0,3008821709011,0,0
100000,4,0,0,8,85,10,25,0,172800,7,60,1484317762105906612132,7034893793963975725721,0,3633621251474729616348,664436474905737986533722,661332920197630000000000,666218246411457000000000,0,0,0,0,3008821709011,0,0
100000,4,0,0,9,85,10,25,0,172800,1,60,1484317762105906612132,7034893793963975725721,0,3633621251474729616348,664436474905737986533722,661332920197630000000000,666218246411457000000000,0,0,0,0,3008821709011,0,0
100000,4,0,0,10,85,10,10,0,172800,1,60,1483221046884664256349,6827840391603202372321,0,3637614777165329046048,645164447637079078631459,683279915532220000000000,687497115276423000000000,0,0,3,1,3011022693062,0,0
100000,4,0,0,11,85,10,25,0,172800,1,60,1484317762105906612132,7034893793963975725721,0,3633621251474729616348,664436474905737986533722,661332920197630000000000,666218246411457000000000,0,0,0,0,3008821709011,0,0
100000,4,0,0,12,85,10,50,0,172800,1,60,1484317762105906612132,7034893793963975725721,0,3633621251474729616348,664436474905737986533722,661332920197630000000000,666218246411457000000000,0,0,0,0,3008821709011,0,0
100000,4,0,0,13,85,10,100,0,172800,1,60,1484317762105906612132,7034893793963975725721,0,3633621251474729616348,664436474905737986533722,661332920197630000000000,666218246411457000000000,0,0,0,0,3008821709011,0,0
100000,4,0,0,14,85,10,25,1,172800,1,60,1482298391507061868485,7130581566050363162147,301203482559197682186,3443117922495795477534,659900002445470677646790,690830665861710000000000,695698949235420000000000,0,0,0,0,3004930010165,0,0
100000,4,0,0,15,85,10,25,2,172800,1,60,1481200740029733005133,7134293515901479791516,500000000000000000000,3246542281603804245300,660926895164873827389140,692117734118050000000000,696986418125772000000000,0,0,0,0,3007069951042,0,0
100000,4,0,0,16,85,10,25,3,172800,1,60,1482210069072765206986,7104169486738628794887,500000000000000000000,3260305474523602601219,651767500098481105482348,701295478898530000000000,706015865886525000000000,0,0,0,0,3004863856557,0,0
100000,4,0,0,17,85,10,25,0,172800,1,1,851565770997197187743,4128238173650519441941,0,2713243233359196894675,476056521698650608968856,489948340686430000000000,492214621858812000000000,0,0,0,0,3009998464121,0,0
100000,4,0,0,18,85,10,25,0,172800,1,3,860281726066688861092,4196746779210569889237,0,2664139798138688568024,476171347947128784011844,485046639985670000000000,487439247876948000000000,0,0,0,0,3009998464120,0,0
100000,4,0,0,19,85,10,25,0,172800,1,7,877759786685463371964,4287065305023306195367,0,2610828388730463078896,476401083542085172645858,486137756227640000000000,488691464919435000000000,0,0,0,0,3009998464120,0,0
1000000,0,0,0,1,0,10,25,0,172800,1,60,7319403645711036986371,37631036507993201058976,0,375000053010000000000,4853724691855094950361695,5757218802559210000000000,5779160719218117000000000,0,0,28,30,3077223283153264313680,3717926854145584700864,0
1000000,0,0,0,2,50,10,25,0,172800,1,60,7319475594784771192311,37631036507993201058976,0,375000053010000000000,4853724691855094950361695,5757218802559210000000000,5779160719218117000000000,0,0,27,29,3051875686483850254779,3717926854145584700864,0
1000000,0,0,0,3,100,10,25,0,172800,1,60,7319547270298272613201,37631036507993201058976,0,375000053010000000000,4853724691855094950361695,5757218802559210000000000,5779160719218117000000000,0,0,27,28,3026644601844558327393,3717926854145584700864,0
1000000,0,0,0,4,85,10,25,0,0,1,60,7132560084748115164125,36686293338253689617243,0,375000053010000000000,4853724691855094950361695,5766828747767000000000000,5787578185611831000000000,0,0,21,23,3092947872753902379726,3730839221382924491061,0
1000000,0,0,0,5,85,10,25,0,43200,1,60,7155930840117479219635,36805361519559155744586,0,375000053010000000000,4853724691855094950361695,5766828747767000000000000,5787256280125545000000000,0,0,21,23,3073231559679197175880,3818252479765286132104,0
1000000,0,0,0,6,85,10,25,0,1209600,1,60,8442354556702192889889,43322666749878712792913,0,375000053010000000000,4853724691855094950361695,5520153818233360000000000,5540674702172904000000000,0,0,51,54,2533757799230275791268,5261160884777575618837,0
1000000,0,0,0,7,85,10,25,0,172800,3,60,7319795016349501094100,37666908967994762187523,0,375000053010000000000,4855749150672976291440549,5630404094079030000000000,5652699419034189000000000,0,0,27,29,3291935067177868680127,3717943983170450696682,0
1000000,0,0,0,8,85,10,25,0,172800,7,60,7322418243194555751280,37799190044838909896255,0,375000053010000000000,4857774535503062031830588,5097255761008350000000000,5115935833565544000000000,0,0,29,31,3436297152724865202824,4566886003558005509882,0
1000000,0,0,0,9,85,10,25,0,172800,1,60,7319525796326570405950,37631036507993201058976,0,375000053010000000000,4853724691855094950361695,5757218802559210000000000,5779160719218117000000000,0,0,27,29,3034201699818334594345,3717926854145584700864,0
1000000,0,0,0,10,85,10,10,0,172800,1,60,7309245901749742715668,37146437944938518849814,0,505090167618649969854,4815435334174401391656714,6427767560532890000000000,6463427932250919000000000,0,0,71,76,5386164012648409948,236919629245914955388,0
1000000,0,0,0,11,85,10,25,0,172800,1,60,7319525796326570405950,37631036507993201058976,0,375000053010000000000,4853724691855094950361695,5757218802559210000000000,5779160719218117000000000,0,0,27,29,3034201699818334594345,3717926854145584700864,0
1000000,0,0,0,12,85,10,50,0,172800,1,60,7345030921163486910962,38098140758970770435022,0,375000053010000000000,4881880763220638429634765,5176583462936390000000000,5183436613495266000000000,0,0,0,0,3772660945781439608583,7788792261943426982193,0
1000000,0,0,0,13,85,10,100,0,172800,1,60,7347441126034093212366,38134785284744073864972,0,375000053010000000000,4881880763220638429634765,4893494465280320000000000,4898553538774230000000000,0,0,0,0,3779509423775380225142,8519334149150680998890,0
1000000,0,0,0,14,85,10,25,1,172800,1,60,7309515696969216748664,37631036507993201058976,2808724027957796004483,375000053010000000000,4850910543468753133259569,5757218802559210000000000,5779160719218117000000000,0,0,50,53,3467322505420869763276,3717926854145584700864,0
1000000,0,0,0,15,85,10,25,2,172800,1,60,7296624968095641207337,37631036507993201058976,5000000000000000000000,375000053010000000000,4848715035587106305867750,5757218802559210000000000,5772689834322375000000000,0,0,50,54,4601086563889217826415,4782773722445584700864,0
1000000,0,0,0,16,85,10,25,3,172800,1,60,7311314724722984351613,37456759225858203761567,5000000000000000000000,375000053010000000000,4853140579129165871762752,6241215765652710000000000,6258299298818319000000000,0,0,56,60,3736308399983958345976,3717942150005693136322,0
1000000,0,0,0,17,85,10,25,0,172800,1,1,4592018492899869176549,23030584874239012872961,0,2456248171360365242024,4760562440477855659484022,5462634742612660000000000,5463774989172594000000000,0,0,2,2,47684833381525573559,3867694822305189815756,0
1000000,0,0,0,18,85,10,25,0,172800,1,3,4681268351338346231376,23742531482326004819942,0,2179733590067176957556,4761710702302029647826413,5412908353520230000000000,5414552039469519000000000,0,0,3,4,58372152067483321636,3985866985537828418407,0
1000000,0,0,0,19,85,10,25,0,172800,1,7,4861711603780944196206,24656442066459351960671,0,1626609455179272087429,4764008056911708985094094,5425476565429770000000000,5428767563503731000000000,0,0,3,3,58372197376256156029,3985866720508134510637,0
1000000,1,0,0,1,0,10,25,0,172800,1,60,9301647130598295281270,47916956734669995122818,0,375000053010000000000,7160455106115032229828820,7835960148201460000000000,7862017348885878000000000,0,0,15,16,3388107650762150813452,5333696966795761944120,0
1000000,1,0,0,2,50,10,25,0,172800,1,60,9301693134258977567278,47916956734669995122818,0,375000053010000000000,7160455106115032229828820,7835960148201460000000000,7862017348885878000000000,0,0,15,15,3373068601361636337488,5333696966795761944120,0
1000000,1,0,0,3,100,10,25,0,172800,1,60,9301739163174369441640,47916956734669995122818,0,375000053010000000000,7160455106115032229828820,7835960148201460000000000,7862017348885878000000000,0,0,14,15,3358089382531964164308,5333696966795761944120,0
1000000,1,0,0,4,85,10,25,0,0,1,60,9026122249529939433653,46513492678592323901422,0,375000053010000000000,7160455106115032229828820,7849779224236570000000000,7874039203530345000000000,0,0,9,10,3443700934060652924730,5358265097154680275738,0
1000000,1,0,0,5,85,10,25,0,43200,1,60,9060597076554981970197,46689133311975781774001,0,375000053010000000000,7160455106115032229828820,7849779224236570000000000,7874472402247995000000000,0,0,9,10,3562136029484997262882,5338782597950381761304,0
1000000,1,0,0,6,85,10,25,0,1209600,1,60,10961605166867556808843,56372103806560319434344,0,375000053010000000000,7160455106115032229828820,7487520838929250000000000,7510676169588048000000000,0,0,35,38,2482252843201774249507,7753002005479399508270,0
1000000,1,0,0,7,85,10,25,0,172800,3,60,9315508993140407127204,48102868558865604582305,0,375000053010000000000,7166166782025493954798612,7817991929019930000000000,7844892955324974000000000,0,0,14,14,3627545264162220080771,5333690188663865357560,0
1000000,1,0,0,8,85,10,25,0,172800,7,60,9317724343483944435128,48169228750290214389749,0,375000053010000000000,7168167706487524843490163,7415862887887810000000000,7437592542567852000000000,0,0,14,14,3397579283259103533565,6527232798181444001442,0
1000000,1,0,0,9,85,10,25,0,172800,1,60,9301725366492397055838,47916956734669995122818,0,375000053010000000000,7160455106115032229828820,7835960148201460000000000,7862017348885878000000000,0,0,14,15,3362576875330830350476,5333696966795761944120,0
1000000,1,0,0,10,85,10,10,0,172800,1,60,9299848567490916701650,47245627804582478984820,0,566948693249349710677,6923442305238648492946972,8499680531824280000000000,8545734871661178000000000,0,0,54,57,140074454514046317328,216105014167464117380,0
1000000,1,0,0,11,85,10,25,0,172800,1,60,9301725366492397055838,47916956734669995122818,0,375000053010000000000,7160455106115032229828820,7835960148201460000000000,7862017348885878000000000,0,0,14,15,3362576875330830350476,5333696966795761944120,0
1000000,1,0,0,12,85,10,50,0,172800,1,60,9329924999621990623100,48246853174329242789943,0,375000053010000000000,7168167706487524843490163,7269441983408420000000000,7277848657081128000000000,0,0,0,0,3250684858714629662065,9987337115607078758514,0
1000000,1,0,0,13,85,10,100,0,172800,1,60,9330245001283505025316,48254580762684418962521,0,375000053010000000000,7168167706487524843490163,7193891059177890000000000,7202559820200210000000000,0,0,0,0,3369893658371034869149,10077177557085731028737,0
1000000,1,0,0,14,85,10,25,1,172800,1,60,9283959056838086742398,47874976152309157500254,3012033109186761041428,375000053010000000000,7106800654589930559280367,7789198682716070000000000,7815621091350114000000000,0,0,23,26,4936543550665113276375,5297152058853281200986,0
1000000,1,0,0,15,85,10,25,2,172800,1,60,9282166518061591010596,47925099132712120837583,5000000000000000000000,375000053010000000000,7117132277077092659255818,7803059813461270000000000,7823611730537289000000000,0,0,23,26,5963925729406129937330,6274239696492433556085,0
1000000,1,0,0,16,85,10,25,3,172800,1,60,9295832251764204079862,47673708457159579068288,5000000000000000000000,375000053010000000000,6975906617381937488980495,8245068146800470000000000,8265890697550587000000000,0,0,25,26,5373111263902413880303,5393940146453733773478,0
1000000,1,0,0,17,85,10,25,0,172800,1,1,4592018492899869177236,23030584874239012872961,0,2456248171360365242024,4760562440477855659484022,5462634742612660000000000,5463774989172594000000000,0,0,1,1,47684833381525587502,3867694822305189815756,0
1000000,1,0,0,18,85,10,25,0,172800,1,3,4681268351338346232084,23742531482326004819942,0,2179733590067176957556,4761710702302029647826413,5412908353520230000000000,5414552039469519000000000,0,0,2,2,58372152067483319938,3985866985537828418407,0
1000000,1,0,0,19,85,10,25,0,172800,1,7,4861711603780944197450,24656442066459351960671,0,1626609455179272087429,4764008056911708985094094,5425476565429770000000000,5428767563503731000000000,0,0,1,2,58372197376256176107,3985866720508134510637,0
1000000,2,0,0,1,0,10,25,0,172800,1,60,15251028746266362469738,42292434682366921434504,0,49429349330965354303475,4657689028634464975342464,4758840566901800000000000,4766954673871728000000000,0,0,0,0,4000000000000,0,0
1000000,2,0,0,2,50,10,25,0,172800,1,60,15251028746266362469738,42292434682366921434504,0,49429349330965354303475,4657689028634464975342464,4758840566901800000000000,4766954673871728000000000,0,0,0,0,4000000000000,0,0
1000000,2,0,0,3,100,10,25,0,172800,1,60,15251028746266362469738,42292434682366921434504,0,49429349330965354303475,4657689028634464975342464,4758840566901800000000000,4766954673871728000000000,0,0,0,0,4000000000000,0,0
1000000,2,0,0,4,85,10,25,0,0,1,60,14947519947347143488181,42290861666451522569263,0,49133218758161149959536,4657689028634464975342464,4758840566901800000000000,4766945722632927000000000,0,0,0,0,4000000000000,0,0
1000000,2,0,0,5,85,10,25,0,43200,1,60,14989293678359462344699,42290867984947800691638,0,49174637540238475169777,4657689028634464975342464,4758840566901800000000000,4766946083900298000000000,0,0,0,0,4000000000000,0,0
1000000,2,0,0,6,85,10,25,0,1209600,1,60,17073957654567494609439,42301894178584052653777,0,51207995754054294612983,4657689028634464975342464,4758840566901800000000000,4767008415898905000000000,0,0,0,0,4000000000000,0,0
1000000,2,0,0,7,85,10,25,0,172800,3,60,15251028746266362469738,42292434682366921434504,0,49429349330965354303475,4657689028634464975342464,4758840566901800000000000,4766954673871728000000000,0,0,0,0,4000000000000,0,0
1000000,2,0,0,8,85,10,25,0,172800,7,60,15251028746266362469738,42292434682366921434504,0,49429349330965354303475,4657689028634464975342464,4758840566901800000000000,4766954673871728000000000,0,0,0,0,4000000000000,0,0
1000000,2,0,0,9,85,10,25,0,172800,1,60,15251028746266362469738,42292434682366921434504,0,49429349330965354303475,4657689028634464975342464,4758840566901800000000000,4766954673871728000000000,0,0,0,0,4000000000000,0,0
1000000,2,0,0,10,85,10,10,0,172800,1,60,15251028746266362469738,42292434682366921434504,0,49429349330965354303475,4657689028634464975342464,4758840566901800000000000,4766954673871728000000000,0,0,0,0,4000000000000,0,0
1000000,2,0,0,11,85,10,25,0,172800,1,60,15251028746266362469738,42292434682366921434504,0,49429349330965354303475,4657689028634464975342464,4758840566901800000000000,4766954673871728000000000,0,0,0,0,4000000000000,0,0
1000000,2,0,0,12,85,10,50,0,172800,1,60,15251028746266362469738,42292434682366921434504,0,49429349330965354303475,4657689028634464975342464,4758840566901800000000000,4766954673871728000000000,0,0,0,0,4000000000000,0,0
1000000,2,0,0,13,85,10,100,0,172800,1,60,15251028746266362469738,42292434682366921434504,0,49429349330965354303475,4657689028634464975342464,4758840566901800000000000,4766954673871728000000000,0,0,0,0,4000000000000,0,0
1000000,2,0,0,14,85,10,25,1,172800,1,60,15246709902081039605289,42273517747642195944926,723984556057825002390,48690597505897170729227,4657689028634464975342464,4758840566901800000000000,4766946205754322000000000,0,0,0,0,4000000000000,0,0
1000000,2,0,0,15,85,10,25,2,172800,1,60,15234603776984213798107,43117515696034379580579,5000000000000000000000,44873321415928940720308,4657689028634464975342464,4758840566901800000000000,4767319356666885000000000,0,0,0,0,4000000000000,0,0
1000000,2,0,0,16,85,10,25,3,172800,1,60,15225853655259741021468,41994935569115380447282,5000000000000000000000,44233835411797665821849,4657689028634464975342464,4758840566901800000000000,4766827517080803000000000,0,0,0,0,4000000000000,0,0
1000000,2,0,0,17,85,10,25,0,172800,1,1,12712692991124160503254,58455081970308337225543,0,57407004845172160474960,4763535761159130916376169,4758840566901800000000000,4772601076431114000000000,0,0,0,0,3009999847423,0,0
1000000,2,0,0,18,85,10,25,0,172800,1,3,12953587393733536689497,59123033399154721207438,0,58025303238605536661203,4657689028634464975342464,4758840566901800000000000,4772891614710006000000000,0,0,0,0,3009999847423,0,0
1000000,2,0,0,19,85,10,25,0,172800,1,7,13144917958345126550501,60098325082849438312116,0,58774077222102298543718,4657689028634464975342464,4758840566901800000000000,4773309478688745000000000,0,0,0,0,3011171868464,0,0
1000000,3,0,0,1,0,10,25,0,172800,1,60,8849791277996073779605,41650522772477041043356,0,20570968389606455306493,4768040051554949953831076,4758840566901800000000000,4788769727180529000000000,0,0,0,0,3016381403133,0,0
1000000,3,0,0,2,50,10,25,0,172800,1,60,8849791277996073779605,41650522772477041043356,0,20570968389606455306493,4768040051554949953831076,4758840566901800000000000,4788769727180529000000000,0,0,0,0,3016381403133,0,0
1000000,3,0,0,3,100,10,25,0,172800,1,60,8849791277996073779605,41650522772477041043356,0,20570968389606455306493,4768040051554949953831076,4758840566901800000000000,4788769727180529000000000,0,0,0,0,3016381403133,0,0
1000000,3,0,0,4,85,10,25,0,0,1,60,8633576216332860863247,40700289030394222667358,0,20278945288634242390135,4768040051554949953831076,4758840566901800000000000,4787895303127881000000000,0,0,0,0,3006381403254,0,0
1000000,3,0,0,5,85,10,25,0,43200,1,60,8678784719731741506429,40899995479493288720500,0,20413256541620123033317,4768040051554949953831076,4758840566901800000000000,4788005904978318000000000,0,0,0,0,3006381403253,0,0
1000000,3,0,0,6,85,10,25,0,1209600,1,60,10591171441338584023608,49363679862321950860395,0,24826835834216965550496,4768040051554949953831076,4758840566901800000000000,4793968396453383000000000,0,0,0,0,3006381403254,0,0
1000000,3,0,0,7,85,10,25,0,172800,3,60,8849791277996073779605,41650522772477041043356,0,20570968389606455306493,4768040051554949953831076,4758840566901800000000000,4788769727180529000000000,0,0,0,0,3016381403133,0,0
1000000,3,0,0,8,85,10,25,0,172800,7,60,8849791277996073779605,41650522772477041043356,0,20570968389606455306493,4768040051554949953831076,4758840566901800000000000,4788769727180529000000000,0,0,0,0,3016381403133,0,0
1000000,3,0,0,9,85,10,25,0,172800,1,60,8849791277996073779605,41650522772477041043356,0,20570968389606455306493,4768040051554949953831076,4758840566901800000000000,4788769727180529000000000,0,0,0,0,3016381403133,0,0
1000000,3,0,0,10,85,10,10,0,172800,1,60,8849791277996073779605,41650522772477041043356,0,20570968389606455306493,4768040051554949953831076,4758840566901800000000000,4788769727180529000000000,0,0,0,0,3016381403133,0,0
1000000,3,0,0,11,85,10,25,0,172800,1,60,8849791277996073779605,41650522772477041043356,0,20570968389606455306493,4768040051554949953831076,4758840566901800000000000,4788769727180529000000000,0,0,0,0,3016381403133,0,0
1000000,3,0,0,12,85,10,50,0,172800,1,60,8849791277996073779605,41650522772477041043356,0,20570968389606455306493,4768040051554949953831076,4758840566901800000000000,4788769727180529000000000,0,0,0,0,3016381403133,0,0
1000000,3,0,0,13,85,10,100,0,172800,1,60,8849791277996073779605,41650522772477041043356,0,20570968389606455306493,4768040051554949953831076,4758840566901800000000000,4788769727180529000000000,0,0,0,0,3016381403133,0,0
1000000,3,0,0,14,85,10,25,1,172800,1,60,8843402752070829679509,41650522772477041043356,498357332098789095288,20066222531582422111109,4768040051554949953831076,4758840566901800000000000,4788769727180529000000000,0,0,0,0,3016381403134,0,0
1000000,3,0,0,15,85,10,25,2,172800,1,60,8785695442400163392039,41650522772477041043356,5000000000000000000000,15506872554010544918927,4768040051554949953831076,4758840566901800000000000,4788769727180529000000000,0,0,0,0,3016381403133,0,0
1000000,3,0,0,16,85,10,25,3,172800,1,60,8834978413437892098901,41647156168010012677683,5000000000000000000000,15516916340145273625789,4768040051554949953831076,4758840566901800000000000,4788805597749054000000000,0,0,0,0,3006381403253,0,0
1000000,3,0,0,17,85,10,25,0,172800,1,1,7067414532263413852558,34268970597466748086600,0,17332614664671413824264,4759818477831045390924344,4758840566901800000000000,4782844047192129000000000,0,0,0,0,3009999847423,0,0
1000000,3,0,0,18,85,10,25,0,172800,1,3,7113253997077591559356,34454121604253274975288,0,16924730780357591531062,4760470530088297191292140,4758840566901800000000000,4783482929666133000000000,0,0,0,0,3009999847423,0,0
1000000,3,0,0,19,85,10,25,0,172800,1,7,7410181630509434164593,36114342975369685614883,0,17416862005093434136299,4761774902592916247024916,4758840566901800000000000,4784947945144173000000000,0,0,0,0,3009999847423,0,0
1000000,4,0,0,1,0,10,25,0,172800,1,60,14843167270587902000323,70348901012385329946748,0,36336191543013767558803,6644361139468246435892824,6613325609039520000000000,6662181218416515000000000,0,0,0,0,3013865427684,0,0
1000000,4,0,0,2,50,10,25,0,172800,1,60,14843167270587902000323,70348901012385329946748,0,36336191543013767558803,6644361139468246435892824,6613325609039520000000000,6662181218416515000000000,0,0,0,0,3013865427684,0,0
1000000,4,0,0,3,100,10,25,0,172800,1,60,14843167270587902000323,70348901012385329946748,0,36336191543013767558803,6644361139468246435892824,6613325609039520000000000,6662181218416515000000000,0,0,0,0,3013865427684,0,0
1000000,4,0,0,4,85,10,25,0,0,1,60,14259363356283955425954,67653321451399009440134,0,34147057498293820984434,6644361139468246435892824,6613325609039520000000000,6661090964953323000000000,0,0,0,0,3013865427684,0,0
1000000,4,0,0,5,85,10,25,0,43200,1,60,14329583717037778106707,67949501117523153801517,0,34393934600007643665187,6644361139468246435892824,6613325609039520000000000,6661210499497125000000000,0,0,0,0,3013865427685,0,0
1000000,4,0,0,6,85,10,25,0,1209600,1,60,18340507000672508814648,84708710134502688067159,0,48339227767371374373128,6644361139468246435892824,6613325609039520000000000,6668035337802150000000000,0,0,0,0,3013865427685,0,0
1000000,4,0,0,7,85,10,25,0,172800,3,60,14843167270587902000323,70348901012385329946748,0,36336191543013767558803,6644361139468246435892824,6613325609039520000000000,6662181218416515000000000,0,0,0,0,3013865427684,0,0
1000000,4,0,0,8,85,10,25,0,172800,7,60,14843167270587902000323,70348901012385329946748,0,36336191543013767558803,6644361139468246435892824,6613325609039520000000000,6662181218416515000000000,0,0,0,0,3013865427684,0,0
1000000,4,0,0,9,85,10,25,0,172800,1,60,14843167270587902000323,70348901012385329946748,0,36336191543013767558803,6644361139468246435892824,6613325609039520000000000,6662181218416515000000000,0,0,0,0,3013865427684,0,0
1000000,4,0,0,10,85,10,10,0,172800,1,60,14832200150110820985262,68278367849273338824401,0,36376128648976847654649,6451640969176856451031666,6832795435340350000000000,6874969733812602000000000,0,0,3,1,3009175073301,0,0
1000000,4,0,0,11,85,10,25,0,172800,1,60,14843167270587902000323,70348901012385329946748,0,36336191543013767558803,6644361139468246435892824,6613325609039520000000000,6662181218416515000000000,0,0,0,0,3013865427684,0,0
1000000,4,0,0,12,85,10,50,0,172800,1,60,14843167270587902000323,70348901012385329946748,0,36336191543013767558803,6644361139468246435892824,6613325609039520000000000,6662181218416515000000000,0,0,0,0,3013865427684,0,0
1000000,4,0,0,13,85,10,100,0,172800,1,60,14843167270587902000323,70348901012385329946748,0,36336191543013767558803,6644361139468246435892824,6613325609039520000000000,6662181218416515000000000,0,0,0,0,3013865427684,0,0
1000000,4,0,0,14,85,10,25,1,172800,1,60,14822973567700726228566,71305777752229970433553,3012033109186761041428,34431158938515375526657,6598996424057315206261407,6908302890357210000000000,6956988174273600000000000,0,0,0,0,3006410209861,0,0
1000000,4,0,0,15,85,10,25,2,172800,1,60,14811997037643323579741,71342897270783731099943,5000000000000000000000,32465400712773151103158,6609265360169393070265232,6921173583983670000000000,6969862803953403000000000,0,0,0,0,3010827393806,0,0
1000000,4,0,0,16,85,10,25,3,172800,1,60,14822090330460860852985,71041654727539381914581,5000000000000000000000,32603031354933575207402,6517671481521701868067095,7012950945622280000000000,7060157252490033000000000,0,0,0,0,3015756672500,0,0
1000000,4,0,0,17,85,10,25,0,172800,1,1,8515648148344150201758,41282340298628598957123,0,27132401459036150173464,4760562440477855659484022,4899479179871600000000000,4922144486860581000000000,0,0,0,0,3009999847423,0,0
1000000,4,0,0,18,85,10,25,0,172800,1,3,8602807699163638849388,41967429276365960763762,0,26641367620308638821094,4761710702302029647826413,4850462359202000000000000,4874390941690098000000000,0,0,0,0,3009999847423,0,0
1000000,4,0,0,19,85,10,25,0,172800,1,7,8777588305580433506676,42870613986548183696385,0,26108254086585433478382,4764008056911708985094094,4861373513805230000000000,4886913181172841000000000,0,0,0,0,3009999847423,0,0
