tvl,path,outage,discountBps,dimension,swapCostBps,loopCostBps,reserveCostBps,bufferDays,exitLagSeconds,harvestEveryDays,halfExitDay,mainInterestWei,loopInterestWei,bootstrapWei,recoveryWei,peakDebtWei,hollarSoldWei,hollarBoughtWei,floorMisses,liquidations,ethReturnBps,btcReturnBps,bufferPaidWei,residualSourceClaimWei
100000,0,0,0,0,10,0,10,7,172800,1,60,730247280859965104023,3667405601854788849574,544154459275916285450,4290000001125,478725389004440078256456,582667579180670000000000,584578206331000000000000,0,0,183,195,275240765030951385720,302418702453377733760
100000,0,0,5000,0,10,0,10,7,172800,1,60,365124135361239382053,3667222771988459022138,511415620115905007394,3750000001125,478725389004440078256456,593214907582900000000000,594968851814000000000000,0,0,213,227,270206891359414369129,330331958907171545937
100000,0,0,10000,0,10,0,10,7,172800,1,60,0,3667222771988459022138,478676780955910396005,3750000001125,478725389004440078256456,593214907582900000000000,594628742994000000000000,0,0,240,256,265303696688579107024,387208241187171545937
100000,0,1,0,0,10,0,10,7,172800,1,60,730651314992710421640,3664694384002297835063,544154459275916285450,1620000001125,478725389004440078256456,542922048891200000000000,544829841118000000000000,0,0,183,195,275292478949104990212,302429176331254927319
100000,0,1,5000,0,10,0,10,7,172800,1,60,365194901404936239973,3664511329611185559457,511415620115905007394,4290000001125,478725389004440078256456,553469077526470000000000,555220245037000000000000,0,0,213,227,269668268324418217666,330333045335125651074
100000,0,1,10000,0,10,0,10,7,172800,1,60,0,3664511329611185559457,478676780955910396005,4290000001125,478725389004440078256456,553469077526470000000000,554880135310000000000000,0,0,240,256,264704596436353955232,387209472365125651074
100000,1,0,0,0,10,0,10,7,172800,1,60,949864833667615388550,4774148935176145472745,870383609919476402592,4289982584416,713597224117912890287007,779304562378420000000000,781387229482000000000000,0,0,178,189,421791696047060417244,463352062578749020531
100000,1,0,5000,0,10,0,10,7,172800,1,60,474969205802716248893,4757908634645114633207,811198370131546898114,0,696306573059324295666116,779050775127340000000000,780618183929000000000000,0,0,201,217,416130183851163557892,555419356714290716636
100000,1,0,10000,0,10,0,10,7,172800,1,60,0,4764299292962761602690,735352684864871609395,0,697798474157233661447886,781024127417730000000000,782033987066000000000000,0,0,226,244,395000044136751576166,649249337351269743121
100000,1,1,0,0,10,0,10,7,172800,1,60,891773241979456568250,4474916240607791645455,813005555947168141417,4354022702188,687061392716453663498666,761639712786700000000000,763540867365000000000000,0,0,157,173,403243988922493282871,443100488629788379343
100000,1,1,5000,0,10,0,10,7,172800,1,60,446190755531219717692,4479043972753501496814,758881712191850523010,5160509595423,688369259917062864652985,778530014087570000000000,780200632648000000000000,0,0,181,200,398343373010609088385,484924239911202497027
100000,1,1,10000,0,10,0,10,7,172800,1,60,0,4483425515040731279409,703920300561118988630,4774657072007,689672838964608876259250,779961718536170000000000,781131178602000000000000,0,0,203,226,391873567791787416963,569494536480965271031
100000,2,0,0,0,10,0,10,7,172800,1,60,1517403800919234923974,4752560761499576606692,544154459275916285450,3717729890758725712486,468151957753324745205479,478333957323600000000000,480342020456000000000000,0,0,0,0,4009997473513,0
100000,2,0,5000,0,10,0,10,7,172800,1,60,756821216317507943516,4408816267778794377131,511415620115905007394,2815223143590291324123,468151957753324745205479,478333957323600000000000,480172951877000000000000,0,0,0,0,4009997477299,0
100000,2,0,10000,0,10,0,10,7,172800,1,60,0,4541710997639525053694,478676780955910396005,2157723584657178111971,468151957753324745205479,478333957323600000000000,480240166992000000000000,0,0,0,0,931442297059994554,129315635383602823
100000,2,1,0,0,10,0,10,7,172800,1,60,1627519823708609570986,6988118564804329980640,544154459275916285450,5242819155852243503070,468151957753324745205479,478333957323600000000000,481162489543000000000000,32,0,0,0,4009997476317,0
100000,2,1,5000,0,10,0,10,7,172800,1,60,810659376480601996415,6977514223053179481979,511415620115905007394,4452734396037101144842,468151957753324745205479,478333957323600000000000,481157843345000000000000,2,0,0,0,4009997458981,0
100000,2,1,10000,0,10,0,10,7,172800,1,60,0,6997279679747854076440,478676780955910396005,3686890083401913439697,468151957753324745205479,478333957323600000000000,481165537374000000000000,0,0,0,0,4009997462998,0
100000,3,0,0,0,10,0,10,7,172800,1,60,932581926482124142268,3974734083855260422804,700311184926448342693,759901030924593795427,591990709155549033010141,601559317475190000000000,604972179238000000000000,0,0,27,28,4009997463822,0
100000,3,0,5000,0,10,0,10,7,172800,1,60,465786305906515569532,3996188003490856279389,667417754935588790243,342135593434833947633,592050171316559676117773,601618723910700000000000,605054013004000000000000,0,0,28,29,4009997477762,0
100000,3,0,10000,0,10,0,10,7,172800,1,60,0,4080482832012880679852,634548771883689617840,152748138919240701144,602336562535067103487183,601568900898260000000000,604095147359000000000000,0,0,30,32,26013112489268438712,194707279619296834210
100000,3,1,0,0,10,0,10,7,172800,1,60,933276677357630108700,3974734083855260422804,700311184926448342693,760595781800099761859,591990709155549033010141,601559317475190000000000,604972179238000000000000,2,0,27,28,4009997463821,0
100000,3,1,5000,0,10,0,10,7,172800,1,60,465959391957352783428,3996188003490856279389,667417754935588790243,342308679485671161529,592050171316559676117773,601618723910700000000000,605054013004000000000000,0,0,28,29,4009997477762,0
100000,3,1,10000,0,10,0,10,7,172800,1,60,0,4080482832012880679852,634548771883689617840,152748138919240701144,602336562535067103487183,601568900898260000000000,604095147359000000000000,0,0,30,32,26013112489268438712,194707279619296834210
100000,4,0,0,0,10,0,10,7,172800,1,60,1497682493045526123497,7116889198633249503940,773594982784112612390,3045637397754923553907,645597969085462446109630,652930179163730000000000,657259218950000000000000,0,0,106,111,4009997460789,0
100000,4,0,5000,0,10,0,10,7,172800,1,60,745545336180747704216,7130754999510506520254,728147375046011952570,2592860894710702603259,644795296977019785304027,652128539112720000000000,656462420144000000000000,0,0,124,134,4009997462671,0
100000,4,0,10000,0,10,0,10,7,172800,1,60,0,7123766565798381308234,660302799982575805273,2366253157669816058243,645848381560045624971325,653179020691710000000000,656255107832000000000000,0,0,142,152,6026403578732209404,229817859047644313867
100000,4,1,0,0,10,0,10,7,172800,1,60,1417817778795119151532,6737892159368795706013,764977385795234503123,2091929017488698512928,575766132761183266062827,595480285089790000000000,600085359120000000000000,0,0,43,44,4009997465201,0
100000,4,1,5000,0,10,0,10,7,172800,1,60,709379143579708940930,6808081047060862437820,663217965873954665612,1879239951341158499518,577087240425455735513291,596804528892010000000000,601283970972000000000000,0,0,68,73,1991277182639816448,27747372698343517383
100000,4,1,10000,0,10,0,10,7,172800,1,60,0,6808295463356206297765,607911217765868490973,1832307407927755182245,578585581284427383209363,598305901346340000000000,601470549151000000000000,0,0,97,105,3043584698813730126,264752565101473878478
100000000,0,0,0,0,10,0,10,7,172800,1,60,731212871943761046566357,3689377911466537783179107,544154106806237501285450,4150000001125,478745236041836044623850644,562689527548836780000000000,564622289778968000000000000,0,0,185,197,274333515782695043447719,302458655724074399001961
100000000,0,0,5000,0,10,0,10,7,172800,1,60,365607353072928541018195,3689195294370057024181513,511415288852425907507394,3870000001125,478745236041836044623850644,573237126008093300000000000,575013150429103000000000000,0,0,214,229,271857353072239263091898,330380760972418120355401
100000000,0,0,10000,0,10,0,10,7,172800,1,60,0,3689195294370057024181513,478676470898630980396005,3870000001125,478745236041836044623850644,573237126008093300000000000,574673042903179000000000000,0,0,241,258,267458208814920034034559,387256833365358120355401
100000000,0,1,0,0,10,0,10,7,172800,1,60,731742721117797124985648,3690070667598933656277526,544154106806237501285450,5210000001125,478745236041836044623850644,532611745501384860000000000,534545201520591000000000000,0,0,185,197,274332339096073953748882,302459217098906460254675
100000000,0,1,5000,0,10,0,10,7,172800,1,60,365741025209546378731804,3689888038466750646216813,511415288852425907507394,4780000001125,478745236041836044623850644,543159327891902760000000000,544936049221969000000000000,0,0,215,229,271888126340122600184252,330380819159890185712186
100000000,0,1,10000,0,10,0,10,7,172800,1,60,0,3689888038466750646216813,478676470898630980396005,4780000001125,478745236041836044623850644,543159327891902760000000000,544595941647517000000000000,0,0,242,258,267491548051003811994974,387256899297470185712186
100000000,1,0,0,0,10,0,10,7,172800,1,60,956439848892217877991907,4850580314308309793204249,885871999637441240819185,5649887714001,705236768933353055301763468,755775003579589940000000000,757933368544592000000000000,0,0,182,197,413349018729285194240491,463510502688670971296926
100000000,1,0,5000,0,10,0,10,7,172800,1,60,478930545010411151021733,4857612047983818723186589,811516776625430437716797,5280106261951,706733010148402193287799402,772902109980655000000000000,774814138677434000000000000,0,0,209,225,414457384559185687514632,508588569423125509846373
100000000,1,0,10000,0,10,0,10,7,172800,1,60,0,4864904364456532000396791,735675184427525793980406,5074010588527,708225192364889387976459404,773897126131962740000000000,775283944402335000000000000,0,0,233,251,410816384407906614051940,597675478220952191416731
100000000,1,1,0,0,10,0,10,7,172800,1,60,897568572685219099865963,4547564387999380545132351,812609466671074042028493,6368578819111,690453478722886689055311052,739306518334505960000000000,741279242767292000000000000,0,0,161,177,397642963136363498341725,443378818696586447856142
100000000,1,1,5000,0,10,0,10,7,172800,1,60,449109432379395354144485,4551900449802387461204450,758477801857174938995554,3154759289135,691718499118967919393986132,755576390520879380000000000,757316455609118000000000000,0,0,184,204,400923492484303260831527,485595550514405270518166
100000000,1,1,10000,0,10,0,10,7,172800,1,60,0,4556490441598939435284800,703906444040249848503701,5320320314830,692977924209656663043497099,756383806526908890000000000,757621862300617000000000000,0,0,206,229,397183293788454463351238,570342876395039860485755
100000000,2,0,0,0,10,0,10,7,172800,1,60,1522253979631018265099817,6608529975189268028014226,544154106806237501285450,4913368429593955829150592,458101070447940226748800071,457476041454811900000000000,460149302745632000000000000,0,0,0,0,4009999997457,0
100000000,2,0,5000,0,10,0,10,7,172800,1,60,759039058592916596244194,6627375055388911563072808,511415288852425907507394,4192048621353328013961240,458101070447940226748800071,457476041454811900000000000,460158991533249000000000000,0,0,0,0,4009999997464,0
100000000,2,0,10000,0,10,0,10,7,172800,1,60,0,6767621498246118516939384,478676470898630980396005,3556037026399401730739487,458101070447940226748800071,457476041454811900000000000,460208949311724000000000000,0,0,0,0,4009999997471,0
100000000,2,1,0,0,10,0,10,7,172800,1,60,1637101315333336294271035,7689432377223304508659546,544154106806237501285450,5711021202120320000486475,458101070447940226748800071,457476041454811900000000000,460547399683428000000000000,32,0,0,0,4009999997471,0
100000000,2,1,5000,0,10,0,10,7,172800,1,60,815147364498718518366881,7694585177434648414831326,511415288852425907507394,4923442896288854463137624,458101070447940226748800071,457476041454811900000000000,460550915647516000000000000,2,0,0,0,4009999997456,0
100000000,2,1,10000,0,10,0,10,7,172800,1,60,0,7702369840151324346017943,478676470898630980396005,4146163717885608924804881,458101070447940226748800071,457476041454811900000000000,460553570946149000000000000,0,0,0,0,4009999997466,0
100000000,3,0,0,0,10,0,10,7,172800,1,60,933114784376480994502901,4235223443471502262267712,700333939834005294817372,808307429532020485433978,602188653661839337037113548,601423086624756860000000000,605048709619328000000000000,0,0,27,28,4009999997467,0
100000000,3,0,5000,0,10,0,10,7,172800,1,60,466061830283505696410706,4233645595676727679511886,667439917122815699719283,390498394008225813684329,602248115222863135058996000,601482492460950300000000000,605107303419485000000000000,0,0,28,30,4009999997453,0
100000000,3,0,10000,0,10,0,10,7,172800,1,60,0,4229044739039488036786678,634523675792618872090619,183600347279112956857308,602239801863215795183526579,601476007470379440000000000,604062625437669000000000000,0,0,29,31,15674355887779455152342,194621898194084592731404
100000000,3,1,0,0,10,0,10,7,172800,1,60,933809556616806436463178,4235223443471502262267712,700333939834005294817372,809002201772345927394254,602188653661839337037113548,601423086624756860000000000,605048709619328000000000000,2,0,27,28,4009999997466,0
100000000,3,1,5000,0,10,0,10,7,172800,1,60,466234921656194098929790,4233645595676727679511886,667439917122815699719283,390671485380914216203413,602248115222863135058996000,601482492460950300000000000,605107303419485000000000000,0,0,28,30,4009999997453,0
100000000,3,1,10000,0,10,0,10,7,172800,1,60,0,4229044739039488036786678,634523675792618872090619,183600347279112956857308,602239801863215795183526579,601476007470379440000000000,604062625437669000000000000,0,0,29,31,15674355887779455152342,194621898194084592731404
100000000,4,0,0,0,10,0,10,7,172800,1,60,1502162523489230561917548,7208150795508903204971521,795113748297786981389401,3085940986155770755105227,654103902327383142821549663,651071249565098470000000000,655457523421949000000000000,0,0,108,117,4009999997461,0
100000000,4,0,5000,0,10,0,10,7,172800,1,60,751141498440492890605092,7223378416543941183747790,728366872208727954627538,2631638059907123173859932,655160598313421713843017431,652125333231236400000000000,656518771728108000000000000,0,0,126,136,4009999997470,0
100000000,4,0,10000,0,10,0,10,7,172800,1,60,0,7238555274160984480478829,660538945592210910940982,2411672791863550651163881,656213905871295242651794197,653176036934854340000000000,656351293516403000000000000,0,0,144,155,8345559091638593337335,225920066261514126190473
100000000,4,1,0,0,10,0,10,7,172800,1,60,1425690032496528709125083,6957264351477715406648598,752507091007013864137334,2200229821498822022603916,582837263395094732052628755,587872297092918440000000000,592596548704193000000000000,0,0,44,45,4009999997463,0
100000000,4,1,5000,0,10,0,10,7,172800,1,60,713396195179383982707883,6972738102889282006328746,662166248791591206001837,1950730018000991754346765,584207329836090973248854984,589239902833875820000000000,593813251771394000000000000,0,0,70,74,1392614089612632567677,27834721495143888144871
100000000,4,1,10000,0,10,0,10,7,172800,1,60,0,6988881612235544833721628,607244742204446657570070,1909525664405631289093332,585656403508769837244570410,590686488176992690000000000,593933806622884000000000000,0,0,98,107,4879873201132669858642,262437863188628775716776
10000000,0,0,0,0,10,0,10,7,172800,1,60,73024672958056267414760,366740291056198511618375,54415410998164001285450,4370000001125,47872508173445713192267743,58266703802931750000000000,58457766477262000000000000,0,0,183,195,27519134452878557758601,30246811868983378749285
10000000,0,0,5000,0,10,0,10,7,172800,1,60,36512385972167937197919,366722008094232233265555,51141529183678157507394,5960000001125,47872508173445713192267743,59321435289094870000000000,59496829691283000000000000,0,0,213,227,27015757001887738216063,33038133948877172544547
10000000,0,0,10000,0,10,0,10,7,172800,1,60,0,366722008094232233265555,47867647369193980396005,5960000001125,47872508173445713192267743,59321435289094870000000000,59462818852609000000000000,0,0,240,256,26525444967853987792313,38725754929077172544547
10000000,0,1,0,0,10,0,10,7,172800,1,60,73065076345411849508567,366469169423297037347813,54415410998164001285450,4430000001125,47872508173445713192267743,54292153322785210000000000,54482932504656000000000000,0,0,183,195,27524305851017700795870,30247859257316255528050
10000000,0,1,5000,0,10,0,10,7,172800,1,60,36519462572003188175579,366450864007369801254467,51141529183678157507394,3180000001125,47872508173445713192267743,55346854829907620000000000,55521971560818000000000000,0,0,213,227,26961894969373962392227,33038242506110125860998
10000000,0,1,10000,0,10,0,10,7,172800,1,60,0,366450864007369801254467,47867647369193980396005,3180000001125,47872508173445713192267743,55346854829907620000000000,55487960631608000000000000,0,0,240,256,26465535243971348720676,38725877935060125860998
10000000,1,0,0,0,10,0,10,7,172800,1,60,94986413996185079384788,477414555481058805245497,87038310129332355392459,5110014722886,71359680120954738559113578,77930386223531240000000000,78138652919122000000000000,0,0,178,189,42172162698761513349501,46342212917048621060832
10000000,1,0,5000,0,10,0,10,7,172800,1,60,47496885886140623463284,475790526899650920340330,81119788879416666033583,0,69630615214060854773104357,77905008253492320000000000,78061749180137000000000000,0,0,201,217,41606037887657965649476,55548925414094169640261
10000000,1,0,10000,0,10,0,10,7,172800,1,60,0,476429592201774194963678,73535224963568170484582,0,69779805221567343589604252,78102343305130590000000000,78203329382417000000000000,0,0,226,244,39493039893150684986721,64931929355716159364304
10000000,1,1,0,0,10,0,10,7,172800,1,60,89177258293857012959851,447491303396938334134486,81300507505449457725244,3144041488159,68706098190967187744489949,76163902910760950000000000,76354018359274000000000000,0,0,157,173,40317651813308600163912,44316795631669713543274
10000000,1,1,5000,0,10,0,10,7,172800,1,60,44619042570799047988422,447904076277719877648020,75888126116755467022731,2870528929387,68836884827256341135265846,77852931053541470000000000,78019992927986000000000000,0,0,181,200,39827589986328334242162,48499179648066126183947
10000000,1,1,10000,0,10,0,10,7,172800,1,60,0,448342230133659069235700,70391987975197502011459,3959675610593,68967242647444193543531532,77996101355119420000000000,78113047440016000000000000,0,0,203,226,39180606108313487380419,56956213099420891983962
10000000,2,0,0,0,10,0,10,7,172800,1,60,151740266541924549913763,475255795361948722259310,54415410998164001285450,371772741255127158201267,46815165731685368405479452,47833365035311400000000000,48034172907166000000000000,0,0,0,0,4009999974675,0
10000000,2,0,5000,0,10,0,10,7,172800,1,60,75682065084777311270743,440881356856527470760622,51141529183678157507394,281522126397037850783606,46815165731685368405479452,47833365035311400000000000,48017264797499000000000000,0,0,0,0,4009999974643,0
10000000,2,0,10000,0,10,0,10,7,172800,1,60,0,454170822830126704845212,47867647369193980396005,215772220833190964470827,46815165731685368405479452,47833365035311400000000000,48023985893288000000000000,0,0,0,0,90194032968914809936,15881635443527572736
10000000,2,1,0,0,10,0,10,7,172800,1,60,162751863597723362040941,698811472854218784617263,54415410998164001285450,524281599624194590536512,46815165731685368405479452,47833365035311400000000000,48116231227756000000000000,32,0,0,0,4009999974779,0
10000000,2,1,5000,0,10,0,10,7,172800,1,60,81065878375834854306217,697751040858228784787605,51141529183678157507394,445273181774797203703782,46815165731685368405479452,47833365035311400000000000,48115767107469000000000000,2,0,0,0,4009999974770,0
10000000,2,1,10000,0,10,0,10,7,172800,1,60,0,699727582305206139319530,47867647369193980396005,368688805347417147994585,46815165731685368405479452,47833365035311400000000000,48116536024612000000000000,0,0,0,0,3999999974869,0
10000000,3,0,0,0,10,0,10,7,172800,1,60,93258123472573445193797,397473179980030409388170,70031072374473591729556,75990044602378059317446,59199032938785176850867357,60155893156837640000000000,60497195478905000000000000,0,0,27,28,4009999974566,0
10000000,3,0,5000,0,10,0,10,7,172800,1,60,46578596004865289708936,399618570683780206652044,66741731532401006636006,34213532244401091631514,59204979150774600031769678,60161833796280760000000000,60505379398552000000000000,0,0,28,29,4009999974690,0
10000000,3,0,10000,0,10,0,10,7,172800,1,60,0,408048046040583543011294,63454835379381364290430,15274789886381621188922,60233617600652888497138051,60156851486142230000000000,60409474877056000000000000,0,0,30,32,2597736274366106833557,19474302883917310455546
10000000,3,1,0,0,10,0,10,7,172800,1,60,93327598515634966380566,397473179980030409388170,70031072374473591729556,76059519645439580504215,59199032938785176850867357,60155893156837640000000000,60497195478905000000000000,2,0,27,28,4009999974566,0
10000000,3,1,5000,0,10,0,10,7,172800,1,60,46595904598859065047481,399618570683780206652044,66741731532401006636006,34230840838394866970059,59204979150774600031769678,60161833796280760000000000,60505379398552000000000000,0,0,28,29,4009999974690,0
10000000,3,1,10000,0,10,0,10,7,172800,1,60,0,408048046040583543011294,63454835379381364290430,15274789886381621188922,60233617600652888497138051,60156851486142230000000000,60409474877056000000000000,0,0,30,32,2597736274366106833557,19474302883917310455546
10000000,4,0,0,0,10,0,10,7,172800,1,60,149768135133098593419945,711688542936883946958191,77359451584140508117977,304563566798293453555965,64559757514533766351638975,65292978044777030000000000,65725909028816000000000000,0,0,106,111,4009999974641,0
10000000,4,0,5000,0,10,0,10,7,172800,1,60,74554476289398978840890,713075132194026310275120,72814692628747588512165,259285961456429358032309,64479490458362048516237487,65212814194073850000000000,65646229564162000000000000,0,0,124,134,4009999974570,0
10000000,4,0,10000,0,10,0,10,7,172800,1,60,0,712376288799676333998989,66030239518428390097272,236625198538102073612930,64584798845269747685916697,65317862280748250000000000,65625468626024000000000000,0,0,142,152,597099402344000485838,22987326602088305874231
10000000,4,1,0,0,10,0,10,7,172800,1,60,141781668317909068681848,673788804688782156561458,76497691032800636097792,209192751159453779775124,57576578248228895524133846,59547992233258300000000000,60008526279271000000000000,0,0,43,44,4009999974716,0
10000000,4,1,5000,0,10,0,10,7,172800,1,60,70937859086121022949620,680807689138919585840939,66321756767799799471208,187923866758393121725039,57708688938700221555561876,59680416537362540000000000,60128360213865000000000000,0,0,68,73,193955150078293414734,2779909668428166555834
10000000,4,1,10000,0,10,0,10,7,172800,1,60,0,680829130684963813551197,60791084950256528640178,183230612116000574454859,57858522927615871301915057,59830553685633780000000000,60147016607101000000000000,0,0,97,105,298940737969953661461,26480674101634284437081
1000000,0,0,0,0,10,0,10,7,172800,1,60,7302467796968940583397,36674031552277399890174,5441541417356651285450,3710000001125,4787251096677857606481296,5826670872238580000000000,5845777140043000000000000,0,0,183,195,2751958372553895768093,3024636262818378742993
1000000,0,0,5000,0,10,0,10,7,172800,1,60,3651238847798322269908,36672203255871791484653,5114153216803382507394,3630000001125,4787251096677857606481296,5932144033188790000000000,5949683473596000000000000,0,0,213,227,2701620536495320658298,3303768503792172448075
1000000,0,0,10000,0,10,0,10,7,172800,1,60,0,36672203255871791484653,4786765016250280396005,3630000001125,4787251096677857606481296,5932144033188790000000000,5946282389334000000000000,0,0,240,256,2652589265395692066803,3872530667822172448075
1000000,0,1,0,0,10,0,10,7,172800,1,60,7306508135940475735418,36646919387588022140512,5441541417356651285450,3770000001125,4787251096677857606481296,5429215801040190000000000,5448293719596000000000000,0,0,183,195,2752475512307633655337,3024741001866255509275
1000000,0,1,5000,0,10,0,10,7,172800,1,60,3651946507823244562590,36645088845781030383075,5114153216803382507394,4640000001125,4787251096677857606481296,5534685964080670000000000,5552197637354000000000000,0,0,213,227,2696234333101626871959,3303779359990125843328
1000000,0,1,10000,0,10,0,10,7,172800,1,60,0,36645088845781030383075,4786765016250280396005,4640000001125,4787251096677857606481296,5534685964080670000000000,5548796544039000000000000,0,0,240,256,2646598292935305133578,3872542968790125843328
1000000,1,0,0,0,10,0,10,7,172800,1,60,9498642030217809713778,47741458620890293150422,8703831475281293327170,3285011626700,7135968396516998802981079,7793039258813690000000000,7813865928510000000000000,0,0,178,189,4217279969170818342583,4634157594423633392371
1000000,1,0,5000,0,10,0,10,7,172800,1,60,4749688904021706882450,47579055749677824196580,8111979325561165980600,0,6963061904072786376314677,7790501455024060000000000,7806175547264000000000000,0,0,201,217,4160667247934922198770,5554828998749180172002
1000000,1,0,10000,0,10,0,10,7,172800,1,60,0,47642962284364735067714,7353522891966858228749,0,6977980905679991876371971,7810234961710170000000000,7820333568408000000000000,0,0,226,244,3949367299566016358735,6493129339906170234060
1000000,1,1,0,0,10,0,10,7,172800,1,60,8917726428495260809739,44749133254670916449377,8130051187697255712885,4434039701634,6870610192536900136672676,7616390912587130000000000,7635402457521000000000000,0,0,157,173,4031826517963975939165,4431618229174720687102
1000000,1,1,5000,0,10,0,10,7,172800,1,60,4461904556915053524424,44790410545834116612852,7588813021699167719296,5280527194491,6883688856943127034950363,7785293744960110000000000,7801999932235000000000000,0,0,181,200,3982820335729375368905,4849856549896133142143
1000000,1,1,10000,0,10,0,10,7,172800,1,60,0,44834225934768642540195,7039199180046861920749,3964673850632,6896724639718677942504165,7799610776367130000000000,7811305384144000000000000,0,0,203,226,3918121980549663805490,5695559860545899003895
1000000,2,0,0,0,10,0,10,7,172800,1,60,15174027686435801768938,47525582087594494502750,5441541417356651285450,37177276373313149237656,4681516846282627957260273,4783336782584620000000000,4803417549161000000000000,0,0,0,0,4009999746729,0
1000000,2,0,5000,0,10,0,10,7,172800,1,60,7568207022534010412755,44088138139180000905687,5114153216803382507394,28152214344551570644550,4681516846282627957260273,4783336782584620000000000,4801726756014000000000000,0,0,0,0,4009999746383,0
1000000,2,0,10000,0,10,0,10,7,172800,1,60,0,45417084800442098135356,4786765016250280396005,21577223336507300734945,4681516846282627957260273,4783336782584620000000000,4802398869370000000000000,0,0,0,0,9046223451551191767,1561344790891263240
1000000,2,1,0,0,10,0,10,7,172800,1,60,16275187439528892575855,69881150772083060007309,5441541417356651285450,52428162828891846497941,4681516846282627957260273,4783336782584620000000000,4811623283580000000000000,32,0,0,0,4009999745669,0
1000000,2,1,5000,0,10,0,10,7,172800,1,60,8106588376423901202987,69775107553289244967821,5114153216803382507394,44527320523544966581710,4681516846282627957260273,4783336782584620000000000,4811576873364000000000000,2,0,0,0,4009999747151,0
1000000,2,1,10000,0,10,0,10,7,172800,1,60,0,69972761736167473578700,4786765016250280396005,36868882379551718221376,4681516846282627957260273,4783336782584620000000000,4811653765788000000000000,0,0,0,0,4009999747218,0
1000000,3,0,0,0,10,0,10,7,172800,1,60,9325812976104476929581,39747320071321187689614,7003107656686531098520,7599004995994523076879,5919903639079705215680717,6015589666464800000000000,6049719760020000000000000,0,0,27,28,4009999747736,0
1000000,3,0,5000,0,10,0,10,7,172800,1,60,4657859914876571011387,39961859152811110194089,6674173552877150842463,3421353462440927693913,5920498260326380633713042,6016183730456800000000000,6050538144506000000000000,0,0,28,29,4009999747313,0
1000000,3,0,10000,0,10,0,10,7,172800,1,60,0,40804806758877191348019,6345483918032299054308,1527479207321610239400,6023362111454923495770184,6015685499556860000000000,6040947850071000000000000,0,0,30,32,259806129452725348338,1947397786447269388791
1000000,3,1,0,0,10,0,10,7,172800,1,60,9332760480815060849737,39747320071321187689614,7003107656686531098520,7605952500705106997035,5919903639079705215680717,6015589666464800000000000,6049719760020000000000000,2,0,27,28,4009999747736,0
1000000,3,1,5000,0,10,0,10,7,172800,1,60,4659590774376761828754,39961859152811110194089,6674173552877150842463,3423084321941118511280,5920498260326380633713042,6016183730456800000000000,6050538144506000000000000,0,0,28,29,4009999747313,0
1000000,3,1,10000,0,10,0,10,7,172800,1,60,0,40804806758877191348019,6345483918032299054308,1527479207321610239400,6023362111454923495770184,6015685499556860000000000,6040947850071000000000000,0,0,30,32,259806129452725348338,1947397786447269388791
1000000,4,0,0,0,10,0,10,7,172800,1,60,14976814551138384900607,71168857719111726013606,7735945582851354901860,30456358250398038060310,6455976109527859233862863,6529298166893920000000000,6572591020411000000000000,0,0,106,111,4009999747040,0
1000000,4,0,5000,0,10,0,10,7,172800,1,60,7455448150127625258709,71307516562335268215309,7281469670860321243949,25928597312768375253610,6447949402565045987104703,6521281780480310000000000,6564623073141000000000000,0,0,124,134,4009999746055,0
1000000,4,0,10000,0,10,0,10,7,172800,1,60,0,71237632221557685610904,6603024319785985912716,23662520915179671570234,6458480241840320070621487,6531786589730850000000000,6562547245811000000000000,0,0,142,152,59760315452834193728,2298682287530514840764
1000000,4,1,0,0,10,0,10,7,172800,1,60,14178167827777373059564,67378884207290160210790,7649769537910045384291,20919276485753255835946,5757658143235423365209230,5954799553083030000000000,6000852709026000000000000,0,0,43,44,4009999747813,0
1000000,4,1,5000,0,10,0,10,7,172800,1,60,7093786411076264629304,68080772691701255308498,6632176038779070710668,18792387844131476220428,5770869212983582591498853,5968041984195720000000000,6012836356676000000000000,0,0,68,73,19442538119490623383,277943945093705832727
1000000,4,1,10000,0,10,0,10,7,172800,1,60,0,68082916846907007650929,6079108829787157221317,18323062383579472904248,5785852612740913227800910,5983055699890180000000000,6014702008936000000000000,0,0,97,105,29943326085509979686,2648018159022253489813
500000,0,0,0,0,10,0,10,7,172800,1,60,3651234176908460999166,18337017135393168911569,2720770885089576285343,4590000024000,2393625703519909231883996,2913335709425550000000000,2922888843534000000000000,0,0,183,195,1376004146691183593924,1512293173588378533729
500000,0,0,5000,0,10,0,10,7,172800,1,60,1825619563111085171763,18336102987061782156556,2557076774199228340626,4040000024000,2393625703519909231883996,2966072296728000000000000,2974842017038000000000000,0,0,213,227,1350835178215912122298,1651859312012172393933
500000,0,0,10000,0,10,0,10,7,172800,1,60,0,18336102987061782156556,2393382663308963729244,4040000024000,2393625703519909231883996,2966072296728000000000000,2973141474689000000000000,0,0,240,256,1326319505258434944903,1936240430492172393933
500000,0,1,0,0,10,0,10,7,172800,1,60,3653254346525308590898,18323461052273607094773,2720770885089576285343,4690000024000,2393625703519909231883996,2714608160948410000000000,2724147120433000000000000,0,0,183,195,1376262716242773661251,1512345542766255457712
500000,0,1,5000,0,10,0,10,7,172800,1,60,1825973393146535617066,18322545781244995728091,2557076774199228340626,3630000024000,2393625703519909231883996,2767343249311510000000000,2776099086055000000000000,0,0,213,227,1348142075725910017638,1651864740140125687521
500000,0,1,10000,0,10,0,10,7,172800,1,60,0,18322545781244995728091,2393382663308963729244,3630000024000,2393625703519909231883996,2767343249311510000000000,2774398539178000000000000,0,0,240,256,1323324017970782751265,1936246581250125687521
500000,1,0,0,0,10,0,10,7,172800,1,60,4749321365378061660346,23870731017248760660362,4351915994430590725458,4335007488987,3567984411770774336181696,3896519982933010000000000,3906933317854000000000000,0,0,178,189,2108675373148965128693,2317043410193649860349
500000,1,0,5000,0,10,0,10,7,172800,1,60,2374844627206543642930,23789529574347830225377,4055989905852834312351,0,3481531164574834874314707,3895251077291230000000000,3903088123177000000000000,0,0,201,217,2080368878731305146169,2777379197499193859038
500000,1,0,10000,0,10,0,10,7,172800,1,60,0,23821482844342839592825,3676761665742373662562,0,3488990665885826427820765,3905117831471270000000000,3910167134259000000000000,0,0,226,244,1974718827491481837999,3246529337821182765150
500000,1,1,0,0,10,0,10,7,172800,1,60,4458863547041693801564,22374568246552134021999,4065025836653848326962,4354037248805,3435305303690990774580705,3808195801541090000000000,3817701574051000000000000,0,0,157,173,2015947334613449732493,2215775040649730451528
500000,1,1,5000,0,10,0,10,7,172800,1,60,2230952445010702437050,22395206893851601246651,3794406738593991459295,6035524675292,3441844636327411800201862,3892647227755780000000000,3901000321299000000000000,0,0,181,200,1991444244442709750793,2424894155466143257624
500000,1,1,10000,0,10,0,10,7,172800,1,60,0,22417114590206171710385,3519599802518922227327,3249671434236,3448362528146561074855471,3899805744188520000000000,3905653047682000000000000,0,0,203,226,1959095084278780732984,2847745791600908708369
500000,2,0,0,0,10,0,10,7,172800,1,60,7587014416751669576675,23762792463254196977544,2720770885089576285343,18588639444594413935009,2340758574858082984109589,2391668546308660000000000,2401708909918000000000000,0,0,0,0,4009999493026,0
500000,2,0,5000,0,10,0,10,7,172800,1,60,3784103796876382399049,22044070433584625335685,2557076774199228340626,14076108130939121893789,2340758574858082984109589,2391668546308660000000000,2400863514775000000000000,0,0,0,0,4009999492584,0
500000,2,0,10000,0,10,0,10,7,172800,1,60,0,22708543799700871241053,2393382663308963729244,10788612373240676066469,2340758574858082984109589,2391668546308660000000000,2401199590242000000000000,0,0,0,0,4538011593609663108,765773138832920678
500000,2,1,0,0,10,0,10,7,172800,1,60,8137594319664513054456,34940577325686686100322,2720770885089576285343,26214083020942573412471,2340758574858082984109589,2391668546308660000000000,2405811731518000000000000,32,0,0,0,4009999494637,0
500000,2,1,5000,0,10,0,10,7,172800,1,60,4053294487574723476403,34887555704229770326393,2557076774199228340626,22263661568278418444455,2340758574858082984109589,2391668546308660000000000,2405788521977000000000000,2,0,0,0,4009999492341,0
500000,2,1,10000,0,10,0,10,7,172800,1,60,0,34986382818934674160269,2393382663308963729244,18434442228312343391416,2340758574858082984109589,2391668546308660000000000,2405826969740000000000000,0,0,0,0,4019999489080,0
500000,3,0,0,0,10,0,10,7,172800,1,60,4662906837380110724550,19873661187940669628150,3501554061233307495828,3799502787008370143934,2959952011307720395742584,3007795028100210000000000,3024859994392000000000000,0,0,27,28,4009999491813,0
500000,3,0,5000,0,10,0,10,7,172800,1,60,2328930132109816620133,19980930734654375534161,3337086998455048790669,1710676871261063035669,2960249321948402531009927,3008092060113540000000000,3025269185417000000000000,0,0,28,29,4009999494991,0
500000,3,0,10000,0,10,0,10,7,172800,1,60,0,20402404578159543821545,3172742170133338810269,763739724862700247216,3011681250910523593652870,3007842944713200000000000,3020474126296000000000000,0,0,30,32,129921116989479058244,973680840646151200239
500000,3,1,0,0,10,0,10,7,172800,1,60,4666380589960066912018,19873661187940669628150,3501554061233307495828,3802976539588326331403,2959952011307720395742584,3007795028100210000000000,3024859994392000000000000,2,0,27,28,4009999491814,0
500000,3,1,5000,0,10,0,10,7,172800,1,60,2329795561915918917615,19980930734654375534161,3337086998455048790669,1711542301067165333151,2960249321948402531009927,3008092060113540000000000,3025269185417000000000000,0,0,28,29,4009999494991,0
500000,3,1,10000,0,10,0,10,7,172800,1,60,0,20402404578159543821545,3172742170133338810269,763739724862700247216,3011681250910523593652870,3007842944713200000000000,3020474126296000000000000,0,0,30,32,129921116989479058244,973680840646151200239
500000,4,0,0,0,10,0,10,7,172800,1,60,7488407852028706850863,35584430761933394787439,3867973027168698858630,15228179999655332745158,3227988253653082682361438,3264649284747950000000000,3286295578777000000000000,0,0,106,111,4009999491699,0
500000,4,0,5000,0,10,0,10,7,172800,1,60,3727724364540025528529,35653760136703871542176,3640735062015578434793,12964299299394495416762,3223974899405216596655306,3260641090776020000000000,3282311596658000000000000,0,0,124,134,4009999491660,0
500000,4,0,10000,0,10,0,10,7,172800,1,60,0,35618817967671150763577,3301512364299797559516,11831261051146535559768,3229240319413360008912406,3265893495770910000000000,3281273835775000000000000,0,0,142,152,29908142785831932262,1149313159974953702566
500000,4,1,0,0,10,0,10,7,172800,1,60,7089084467134495221235,33689444180236334290731,3824885008956537239778,10459639004551530747785,2878829248475451600273990,2977399959701260000000000,3000426409413000000000000,0,0,43,44,4009999491734,0
500000,4,1,5000,0,10,0,10,7,172800,1,60,3546893484647481127496,34040388444190906722939,3316088220452544386822,9396194572988925090863,2885434783741130581728302,2984021175650210000000000,3006418364571000000000000,0,0,68,73,9747393035124026641,138945849424861022458
500000,4,1,10000,0,10,0,10,7,172800,1,60,0,34041460522095864687988,3039554600857072296418,9161531838873457492406,2892926484120782900366052,2991528033998990000000000,3007351197917000000000000,0,0,97,105,14999026088753246662,1323981717258546012811
50000000,0,0,0,0,10,0,10,7,172800,1,60,365059273758924744644569,1835630689178789385947450,272077053579530001285343,5400000024000,239372189519499980689428735,289439359822801490000000000,290396540617260000000000000,0,0,183,195,137622761342191333369288,151239045159689855697282
50000000,0,0,5000,0,10,0,10,7,172800,1,60,182529885100871686758848,1835539171764016478107638,255707644592010490840626,4890000024000,239372189519499980689428735,294712880206203970000000000,295591746241269000000000000,0,0,213,227,134787158866088054340416,165191365324273719444137
50000000,0,0,10000,0,10,0,10,7,172800,1,60,0,1835539171764016478107638,239338235604499313729244,4890000024000,239372189519499980689428735,294712880206203970000000000,295421691635941000000000000,0,0,240,256,132313228120144129953786,193629535956633719444137
50000000,0,1,0,0,10,0,10,7,172800,1,60,365444645099896092578948,1841322403244998964700601,272077053579530001285343,4660000024000,239372189519499980689428735,269380498939238080000000000,270343506073671000000000000,0,0,184,196,137583636476570858144125,151229340627683725140070
50000000,0,1,5000,0,10,0,10,7,172800,1,60,182656943139708076918093,1841231093880600110080951,255707644592010490840626,6220000024000,239372189519499980689428735,274654297096583700000000000,275538935535874000000000000,0,0,214,228,135419897491097355955615,165190359477577447044336
50000000,0,1,10000,0,10,0,10,7,172800,1,60,0,1841231093880600110080951,239338235604499313729244,6220000024000,239372189519499980689428735,274654297096583700000000000,275368881769415000000000000,0,0,241,257,133007609448175516675132,193628396233817447044336
50000000,1,0,0,0,10,0,10,7,172800,1,60,474790961110644867873256,2413471424783979682368626,442954353223603855694700,3999869065629,352633059111982666864165613,381561198466803990000000000,382631256152437000000000000,0,0,181,196,210586384618403826703122,231308410829222126156477
50000000,1,0,5000,0,10,0,10,7,172800,1,60,237738011953251015464020,2416608981916959847704243,405775288697067886569886,3878131644462,353381205813725070059824385,390563433761797820000000000,391513503713271000000000000,0,0,208,224,207195152321638325214012,253249059112874212244650
50000000,1,0,10000,0,10,0,10,7,172800,1,60,0,2419877057708976408408278,367852869856719049208858,4890029591256,354127322007237764767720328,391498041930799690000000000,392186624422724000000000000,0,0,232,250,203882361401688029118967,297542412365608918762518
50000000,1,1,0,0,10,0,10,7,172800,1,60,445998614185814594986304,2268315771828657039303509,406319546579447776982749,4308452138529,344514314560411924787961954,373706765376427190000000000,374687826858058000000000000,0,0,160,176,201628577949933275161892,221655214127634772637123
50000000,1,1,5000,0,10,0,10,7,172800,1,60,223151342111883146206191,2270366960722352139136131,379252685878053805216000,4527017084292,345167021363492321941770923,382155891061742710000000000,383021675096433000000000000,0,0,184,204,199509070964637799006950,242567222363878100822288
50000000,1,1,10000,0,10,0,10,7,172800,1,60,0,2272548198040420469595263,351965867562466618567351,5759945027030,345818537982193391714308464,382874698224117980000000000,383489816076463000000000000,0,0,206,229,196298839769921018606820,284865395893957531839567
50000000,2,0,0,0,10,0,10,7,172800,1,60,758687207431578036701478,2392426320547635958835701,272077053579530001285343,1864604248986850680847435,238855962644299005900545392,238724450979570150000000000,239738883163948000000000000,0,0,0,0,4009999994928,0
50000000,2,0,5000,0,10,0,10,7,172800,1,60,378423782004889217168212,2220539105255446129296358,255707644592010490840626,1410542117176491707830972,238855962644299005900545392,238724450979570150000000000,239657164077906000000000000,0,0,0,0,4009999994912,0
50000000,2,0,10000,0,10,0,10,7,172800,1,60,0,2287985507425486482240030,239338235604499313729244,1079085006931420185224227,238855962644299005900545392,238724450979570150000000000,239694392562617000000000000,0,0,0,0,413449436138024251436,365272653016620656712
50000000,2,1,0,0,10,0,10,7,172800,1,60,813727439402171268592224,3473826336726508333069862,272077053579530001285343,2609061815750315199794907,238855962644299005900545392,238724450979570150000000000,240130865753868000000000000,32,0,0,0,4009999994929,0
50000000,2,1,5000,0,10,0,10,7,172800,1,60,405312351241485383915275,3465682196802418711427272,255707644592010490840626,2210651999163054059922973,238855962644299005900545392,238724450979570150000000000,240129085750981000000000000,2,0,0,0,4009999994925,0
50000000,2,1,10000,0,10,0,10,7,172800,1,60,0,3475383805859901670183924,239338235604499313729244,1827629699976570929131144,238855962644299005900545392,238724450979570150000000000,240132866714394000000000000,0,0,0,0,4009999994949,0
50000000,3,0,0,0,10,0,10,7,172800,1,60,466324016474556625545506,1999124830096577825974822,350173865578991452105985,383802740090974897964840,301108851002556926410964683,300725095168459600000000000,302439530087152000000000000,0,0,27,28,4009999994940,0
50000000,3,0,5000,0,10,0,10,7,172800,1,60,232909897469971268830746,2010283595299762138219430,333726579057828367992129,174955916079837307323226,301138582342985843674049981,300754798645952320000000000,302480830330276000000000000,0,0,29,30,4009999994950,0
50000000,3,0,10000,0,10,0,10,7,172800,1,60,0,2003361405829163966143788,317273651887880267699604,76162119002938743766106,301166042498441640340073033,300782293938468560000000000,302014816450303000000000000,0,0,30,32,13527048272757792573077,96548870316404910588369
50000000,3,1,0,0,10,0,10,7,172800,1,60,466671409537264825235083,1999124830096577825974822,350173865578991452105985,384150133153683097654417,301108851002556926410964683,300725095168459600000000000,302439530087152000000000000,2,0,27,28,4009999994939,0
50000000,3,1,5000,0,10,0,10,7,172800,1,60,232996444885947609101360,2010283595299762138219430,333726579057828367992129,175042463495813647593840,301138582342985843674049981,300754798645952320000000000,302480830330276000000000000,0,0,29,30,4009999994950,0
50000000,3,1,10000,0,10,0,10,7,172800,1,60,0,2003361405829163966143788,317273651887880267699604,76162119002938743766106,301166042498441640340073033,300782293938468560000000000,302014816450303000000000000,0,0,30,32,13527048272757792573077,96548870316404910588369
50000000,4,0,0,0,10,0,10,7,172800,1,60,750690533221458193533591,3733652079222656748900321,397573367780039162643683,1624125440757116176516037,327065565430173494913298439,325544411187615170000000000,327785554915213000000000000,0,0,108,118,4009999994918,0
50000000,4,0,5000,0,10,0,10,7,172800,1,60,375335106689405386760388,3726374541455524601497504,364198631627568132159850,1387865485242782118123018,327593930705829538868188464,326071470266804280000000000,328310573693437000000000000,0,0,126,137,4009999994924,0
50000000,4,0,10000,0,10,0,10,7,172800,1,60,0,3719213705759666328547014,330283209161726083977143,1268490177125143793024517,328120600849824318899087807,326596838450100920000000000,328190661378607000000000000,0,0,144,155,4370352147529978052091,112305834301385614746093
50000000,4,1,0,0,10,0,10,7,172800,1,60,708721808604386072503601,3423311035787413526466467,376268691400262704981015,1057245838965683434996784,289956496959090429098374096,293945591873933500000000000,296291113711956000000000000,0,0,44,45,4009999994914,0
50000000,4,1,5000,0,10,0,10,7,172800,1,60,354616720147413983858095,3422892916615620662181770,331094905469407383470826,929621028143509864613772,290638755124000672137726604,294629412875776840000000000,296898966912916000000000000,0,0,70,75,697765533095440197238,13973591790322183799784
50000000,4,1,10000,0,10,0,10,7,172800,1,60,0,3422595159951306943861968,303632998087060774167738,906010830831245073669078,291388752839552770647452115,295380933834258380000000000,297011633034604000000000000,0,0,99,107,1940171202870289323307,131782879189604266416338
100000,0,0,0,1,0,0,10,7,172800,1,60,730247277508985318918,3667405601854788849574,544154459275916285450,4290000001125,478725389004440078256456,582667579180670000000000,584578206331000000000000,0,0,183,195,275268550007224505376,302418702453377733760
100000,0,0,0,2,50,0,10,7,172800,1,60,730247294331240622034,3667405601854788849574,544154459275916285450,4290000001125,478725389004440078256456,582667579180670000000000,584578206331000000000000,0,0,182,194,275129059189023731425,302418702453377733760
100000,0,0,0,3,100,0,10,7,172800,1,60,730247311323417695892,3667405601854788849574,544154459275916285450,4290000001125,478725389004440078256456,582667579180670000000000,584578206331000000000000,0,0,180,192,274988148538039331705,302418702453377733760
100000,0,0,0,4,10,0,10,7,0,1,60,711549245676743827277,3573355092995108210636,544154459275916285450,0,478725389004440078256456,569481443297140000000000,571347164741000000000000,0,0,177,189,290707552917922462572,296090661669163512091
100000,0,0,0,5,10,0,10,7,43200,1,60,713885761645813920605,3584995973884347785209,544154459275916285450,0,478725389004440078256456,569481443297140000000000,571317272397000000000000,0,0,177,189,288787618268782051612,304571303951477479607
100000,0,0,0,6,10,0,10,7,1209600,1,60,842505967535442283401,4229360391293380073847,544154459275916285450,4740000001125,478725389004440078256456,568371517281710000000000,569303377381000000000000,0,0,188,201,229278504759239972616,599501847678009313108
100000,0,0,0,7,10,0,10,7,172800,3,60,730252442149393455414,3667062683542193560520,544154459275916285450,4500000001125,478725389004440078256456,576528362120570000000000,578464019551000000000000,0,0,183,195,278946168250341571442,298649689760646416656
100000,0,0,0,8,10,0,10,7,172800,7,60,730294628851566341500,3690908460392279689104,544154459275916285450,0,478966090453146982595890,517330070716800000000000,518871460510000000000000,0,0,170,182,335789731751399596593,396756492960603786894
100000,0,0,0,9,10,10,10,7,172800,1,60,730149878550096677554,3667570709560777096965,543795327629656865886,262374860197740686962,478510601284841859372602,513589652929310000000000,515236422590235000000000,0,0,111,119,281571929249446305336,315167520465000588386
100000,0,0,0,10,10,0,10,1,172800,1,60,730254051092923942686,3667405601854788849574,488023965988774799613,4290000001125,478725389004440078256456,582667579180670000000000,584738373545000000000000,0,0,183,195,245725253356653137833,275790217993377733760
100000,0,0,0,11,10,0,10,3,172800,1,60,730251795437599559052,3667405601854788849574,506725101800975426684,4290000001125,478725389004440078256456,582667579180670000000000,584686615861000000000000,0,0,183,195,255825951585957961971,284395154353377733760
100000,0,0,0,12,10,0,10,14,172800,1,60,730239369851065704821,3667405601854788849574,609742871760703231940,4290000001125,478725389004440078256456,582667579180670000000000,584402577248000000000000,0,0,183,195,311645869256036608950,331617788773377733760
100000,0,0,0,13,10,0,10,30,172800,1,60,730221237208606460471,3667405601854788849574,760076571062442536280,4290000001125,478725389004440078256456,582667579180670000000000,583923990551000000000000,0,0,183,195,382448647518766072635,411184874343377733760
100000,0,0,0,14,10,10,10,7,172800,1,60,730149878550096677554,3667570709560777096965,543795327629656865886,262374860197740686962,478510601284841859372602,513589652929310000000000,515236422590235000000000,0,0,111,119,281571929249446305336,315167520465000588386
100000,0,0,0,15,10,10,20,7,172800,1,60,730092149455618368079,3667570709560777096965,1022112976939291201121,260926030380740686962,478510601284841859372602,513589652929310000000000,513839063065518000000000,0,0,111,119,521928174910154829062,553545474489000588386
100000,0,0,0,16,10,10,50,7,172800,1,60,729918962172183439653,3667570709560777096965,2457065924868194206827,256733898519740686962,478510601284841859372602,513589652929310000000000,509795767563363000000000,0,0,111,119,1268462379948280457182,1243213868505000588386
100000,0,0,0,17,10,10,10,7,172800,1,1,455582029432954499767,2272159180350430132904,543795327629656865886,261812840427780114994,476056521698650608968856,501003819842710000000000,501072585406434000000000,0,0,62,67,67379874016692998299,309859131686000588386
100000,0,0,0,18,10,10,10,7,172800,1,3,464894333043118284228,2338229935677758472910,543795327629656865886,266276625945591132364,476152647941719453387526,500223351244380000000000,500314080729375000000000,0,0,63,67,100055132494029515780,320077737346000588386
100000,0,0,0,19,10,10,10,7,172800,1,7,483518920565786844656,2431631149925917415888,543795327629656865886,266275720609476944199,476344969991257183426769,501474391408050000000000,501732102645018000000000,0,0,62,66,154807571908306380437,320038705534000588386
100000,1,0,0,1,0,0,10,7,172800,1,60,949877481276764132954,4774211040397987073269,870200656186197941347,5714455695432,713612417467855216261758,779321865102160000000000,781404535686000000000000,0,0,178,189,421836492993070422814,463362153818605438256
100000,1,0,0,2,50,0,10,7,172800,1,60,949814226882332572736,4773900434244171773569,871119329576231764966,4550563401308,713536429937097893257732,779235327317490000000000,781317980493000000000000,0,0,177,188,421612069649959018451,463311683550437195567
100000,1,0,0,3,100,0,10,7,172800,1,60,949750931732003043941,4773589628243305642277,872047836567726310052,4997855619072,713460390388256986627273,779148729370610000000000,781231365137000000000000,0,0,176,186,421386556297919397044,463261178587542211093
100000,1,0,0,4,10,0,10,7,0,1,60,921216830913906034012,4630101296689416206050,870383609919476402592,0,713439460752961775361035,759098814938030000000000,761113143859000000000000,0,0,173,184,445555321131582332801,453589912180176255247
100000,1,0,0,5,10,0,10,7,43200,1,60,924796703994120809774,4647936655815707252234,870383609919476402592,0,713439460752961775361035,759098814938030000000000,761067353705000000000000,0,0,173,184,442615138327262440480,466581955711305640982
100000,1,0,0,6,10,0,10,7,1209600,1,60,1121862219240493075949,5634745146458627375126,870383609919476402592,4659982584416,714544603741798123438451,757309376625670000000000,757892653261000000000000,0,0,183,194,352823143414016143698,918425914982412385909
100000,1,0,0,7,10,0,10,7,172800,3,60,949872804937678453476,4773623068606449523700,870383609919476402592,4529982584416,713611544473657725896094,769897336002580000000000,772018401778000000000000,0,0,178,189,427476711622151194835,457569479148361437231
100000,1,0,0,8,10,0,10,7,172800,7,60,950290938505186796313,4790242650834431607893,1000842068782117517291,0,723684516649007225025795,750640453564140000000000,751962573817000000000000,0,0,171,183,515085253023212777213,636447360279446883936
100000,1,0,0,9,10,10,10,7,172800,1,60,937022699756791552131,4781126013193957978392,942553295614962586498,379748915178288484630,700520526054914193518039,701278269924810000000000,703081300236678000000000,0,0,115,125,388693854247554476690,442777923661238372117
100000,1,0,0,10,10,0,10,1,172800,1,60,949875447518779186359,4774150119160954112320,784433089203528943806,4352401238026,713597503276824840423109,779304877062910000000000,781709843254000000000000,0,0,178,189,389354819026198068071,409768655804040453310
100000,1,0,0,11,10,0,10,3,172800,1,60,949871911275535149945,4774149724710360943387,813069445210090003664,3413263669797,713597410266477102536218,779304772230440000000000,781553537616000000000000,0,0,178,189,392045430223914296881,435737644245601756246
100000,1,0,0,12,10,0,10,14,172800,1,60,949852431346780318714,4774147551382689008265,970816600948893615699,5610467090926,713596897864256669713985,779304194548530000000000,781117773956000000000000,0,0,178,189,477569454647531049406,508088811931851545418
100000,1,0,0,13,10,0,10,30,172800,1,60,949824004392099489471,4774144379994880332238,1201016408434697711605,4507204876379,713596150177884204644799,779303351602820000000000,780383671989000000000000,0,0,178,189,586049183357534213642,629995734754992293621
100000,1,0,0,14,10,10,10,7,172800,1,60,937022699756791552131,4781126013193957978392,942553295614962586498,379748915178288484630,700520526054914193518039,701278269924810000000000,703081300236678000000000,0,0,115,125,388693854247554476690,442777923661238372117
100000,1,0,0,15,10,10,20,7,172800,1,60,936896009763635113952,4781131066031125506091,1648930101380514015802,377580115959238020255,700521861713103613853044,701279576620210000000000,700980671298348000000000,0,0,115,125,745074725222868229235,792430758980580031275
100000,1,0,0,16,10,10,50,7,172800,1,60,936515936912566161257,4781146224676893477068,3768076440436512970066,371261579544082806728,700525868722785539900961,701283496699820000000000,694860669102672000000000,0,0,115,125,1844604119696523322128,1811018415017602584109
100000,1,0,0,17,10,10,10,7,172800,1,1,455582029432954499767,2272159180350430132904,543795327629656865886,261812840427780114994,476056521698650608968856,501003819842710000000000,501072585406434000000000,0,0,37,47,67379874016692984412,309859131686000588386
100000,1,0,0,18,10,10,10,7,172800,1,3,464894333043118284228,2338229935677758472910,543795327629656865886,266276625945591132364,476152647941719453387526,500223351244380000000000,500314080729375000000000,0,0,38,48,100055132494029555982,320077737346000588386
100000,1,0,0,19,10,10,10,7,172800,1,7,483518920565786844656,2431631149925917415888,543795327629656865886,266275720609476944199,476344969991257183426769,501474391408050000000000,501732102645018000000000,0,0,37,47,154807571908306466169,320038705534000588386
100000,2,0,0,1,0,0,10,7,172800,1,60,1517403800919234923974,4752560761499576606692,544154459275916285450,3717729890758725712486,468151957753324745205479,478333957323600000000000,480342020456000000000000,0,0,0,0,4009997473513,0
100000,2,0,0,2,50,0,10,7,172800,1,60,1517403800919234923974,4752560761499576606692,544154459275916285450,3717729890758725712486,468151957753324745205479,478333957323600000000000,480342020456000000000000,0,0,0,0,4009997473513,0
100000,2,0,0,3,100,0,10,7,172800,1,60,1517403800919234923974,4752560761499576606692,544154459275916285450,3717729890758725712486,468151957753324745205479,478333957323600000000000,480342020456000000000000,0,0,0,0,4009997473513,0
100000,2,0,0,4,10,0,10,7,0,1,60,1487236421034745411573,4732795856990360225105,544154459275916285450,3680365963374236200085,468151957753324745205479,478333957323600000000000,480329452310000000000000,0,0,0,0,4009997473513,0
100000,2,0,0,5,10,0,10,7,43200,1,60,1491291085962840985926,4734152982234848861531,544154459275916285450,3684696218542331774438,468151957753324745205479,478333957323600000000000,480330533822000000000000,0,0,0,0,4009997473513,0
100000,2,0,0,6,10,0,10,7,1209600,1,60,1698599918484436280055,4871349984037895965471,544154459275916285450,3942266170863927068567,468151957753324745205479,478333957323600000000000,480417468197000000000000,0,0,0,0,4009997473513,0
100000,2,0,0,7,10,0,10,7,172800,3,60,1517403800919234923974,4752560761499576606692,544154459275916285450,3717729890758725712486,468151957753324745205479,478333957323600000000000,480342020456000000000000,0,0,0,0,4009997473513,0
100000,2,0,0,8,10,0,10,7,172800,7,60,1517403800919234923974,4752560761499576606692,544154459275916285450,3717729890758725712486,468151957753324745205479,478333957323600000000000,480342020456000000000000,0,0,0,0,4009997473513,0
100000,2,0,0,9,10,10,10,7,172800,1,60,1521596613051792302202,4795640020165697927475,543795327629656865886,4700344179739134057920,465743695025920614794520,475884334240620000000000,476957403982179000000000,0,0,0,0,4009997477408,0
100000,2,0,0,10,10,0,10,1,172800,1,60,1517722764100636741680,4757851446980672925617,488023965988774799613,3777173599708169788190,468151957753324745205479,478333957323600000000000,480344311540000000000000,0,0,0,0,4009997456724,0
100000,2,0,0,11,10,0,10,3,172800,1,60,1517613229783175688881,4755986853274844821424,506725101800975426684,3757306202868641047207,468151957753324745205479,478333957323600000000000,480343505685000000000000,0,0,0,0,4009997462830,0
100000,2,0,0,12,10,0,10,14,172800,1,60,1517025733969478462417,4748423199092758273625,609742871760703231940,3649437660924700411478,468151957753324745205479,478333957323600000000000,480340190434000000000000,0,0,0,0,4009997471196,0
100000,2,0,0,13,10,0,10,30,172800,1,60,1514126448977193698312,4405417958596207567035,760076571062442536280,3314490698123504133602,468151957753324745205479,478333957323600000000000,480178928315000000000000,0,0,0,0,4009997477592,0
100000,2,0,0,14,10,10,10,7,172800,1,60,1521596613051792302202,4795640020165697927475,543795327629656865886,4700344179739134057920,465743695025920614794520,475884334240620000000000,476957403982179000000000,0,0,0,0,4009997477408,0
100000,2,0,0,15,10,10,20,7,172800,1,60,1519461757399913685248,4422630330200763836914,1022112976939291201121,4028267589382007253573,465743695025920614794520,475884334240620000000000,476776035977733000000000,0,0,0,0,4009997457757,0
100000,2,0,0,16,10,10,50,7,172800,1,60,1511657590057199734588,4422630330200763836914,2457065924868194206827,2585510474110390297207,465743695025920614794520,475884334240620000000000,476776035977733000000000,0,0,0,0,4009997457756,0
100000,2,0,0,17,10,10,10,7,172800,1,1,1255903551092834773936,5845510730044702652657,543795327629656865886,5181541201392176611276,476353853940191480145777,475884334240620000000000,477260154138969000000000,0,0,0,0,4009997460414,0
100000,2,0,0,18,10,10,10,7,172800,1,3,1280138159429184217302,5912306417973810654568,543795327629656865886,5243516573661526054642,465743695025920614794520,475884334240620000000000,477289201138893000000000,0,0,0,0,4009997460414,0
100000,2,0,0,19,10,10,10,7,172800,1,7,1301681555879142742540,6005501563545437270195,543795327629656865886,5318114153149484577661,465743695025920614794520,475884334240620000000000,477329344237611000000000,0,0,0,0,4009997470883,0
100000,3,0,0,1,0,0,10,7,172800,1,60,932584583052439964001,3974714916370399873713,700282114035970406588,759896494870269630042,591992085236320389376621,601560692162340000000000,604973537006000000000000,0,0,27,28,4009997468084,0
100000,3,0,0,2,50,0,10,7,172800,1,60,932571300213423875344,3974810751417154730659,700427467630862112021,759919167298395710445,591985204859181144230672,601553818753290000000000,604966748196000000000000,0,0,27,28,4009997474821,0
100000,3,0,0,3,100,0,10,7,172800,1,60,932558017537304215738,3974906591826657890000,700572819079156096410,759941848631256293435,591978324544930305744079,601546945407070000000000,604959959442000000000000,0,0,27,28,4009997464898,0
100000,3,0,0,4,10,0,10,7,0,1,60,911358651200554660093,3892606956519811185728,700311184926448342693,735518484303024313252,591990709155549033010141,601559317475190000000000,604893216786000000000000,0,0,27,28,4009997463821,0
100000,3,0,0,5,10,0,10,7,43200,1,60,915766434908286232761,3909517416895526927445,700311184926448342693,747216496390755885919,591990709155549033010141,601559317475190000000000,604902836086000000000000,0,0,27,28,4009997463820,0
100000,3,0,0,6,10,0,10,7,1209600,1,60,1102709648884763147749,4662500528110220166261,700311184926448342693,1133770916587232800908,591990709155549033010141,601559317475190000000000,605456207103000000000000,0,0,27,28,4009997463822,0
100000,3,0,0,7,10,0,10,7,172800,3,60,933249917875123656057,4134858008762054613244,703506344713622434982,861876427133613608981,621364634887742460560130,620579076634570000000000,624047450787000000000000,0,0,31,32,4009997474169,0
100000,3,0,0,8,10,0,10,7,172800,7,60,932156502255503518050,3565159303568311128168,854618317881277473814,477511233290435197853,599745353294670141649906,599145841840250000000000,602299915307000000000000,0,0,22,26,4009997457049,0
100000,3,0,0,9,10,10,10,7,172800,1,60,880518195942178906731,4148667603812497155038,543795327629656865886,1505228127766520746613,476654465127651792157294,475884334240620000000000,478864306844505000000000,0,0,0,0,4009997473533,0
100000,3,0,0,10,10,0,10,1,172800,1,60,932901522739817112541,4107856884161929325494,651466023653948756211,811091450307449489813,602180704229010013420074,601413196694100000000000,604950525066000000000000,0,0,27,28,4009997458744,0
100000,3,0,0,11,10,0,10,3,172800,1,60,932703905330418860536,3974733655082185412694,672172201085255245227,788167085652323879069,591990725449537721036148,601559333753910000000000,604972195144000000000000,0,0,27,28,4009997457052,0
100000,3,0,0,12,10,0,10,14,172800,1,60,932396172736641463962,3974784464883760267866,750961468090877430200,710424183035893524187,591997676128113203393760,601566277078710000000000,604979181978000000000000,0,0,27,28,4009997461444,0
100000,3,0,0,13,10,0,10,30,172800,1,60,932125611987998022658,3984105974213047021343,874091804627441975428,598308709921765762394,592142276179931398913241,601710050244210000000000,605131204609000000000000,0,0,28,29,4009997459662,0
100000,3,0,0,14,10,10,10,7,172800,1,60,880518195942178906731,4148667603812497155038,543795327629656865886,1505228127766520746613,476654465127651792157294,475884334240620000000000,478864306844505000000000,0,0,0,0,4009997473533,0
100000,3,0,0,15,10,10,20,7,172800,1,60,878400016651108614604,4148667603812497155038,1022112976939291201121,1024792299165816119251,476654465127651792157294,475884334240620000000000,478864306844505000000000,0,0,0,0,4009997473534,0
100000,3,0,0,16,10,10,50,7,172800,1,60,876702996547814824156,4148667603812497155038,2457065924868194206827,621320200947030609204,476654465127651792157294,475884334240620000000000,475455820586661000000000,0,0,0,0,429522807367338784489,607217333921461686555
100000,3,0,0,17,10,10,10,7,172800,1,1,699593281593018552491,3426898748960895859134,543795327629656865886,1266152665880012455918,475982125390579357737251,475884334240620000000000,478284427320489000000000,0,0,0,0,83834489361649526501,0
100000,3,0,0,18,10,10,10,7,172800,1,3,704873555851110180834,3445413861409862542521,543795327629656865886,1265152873120402305619,476036711663933189301977,475884334240620000000000,478348309761102000000000,0,0,0,0,122926797922947747859,0
100000,3,0,0,19,10,10,10,7,172800,1,7,735464571246542381234,3611436110831548717224,543795327629656865886,1373474166971682163831,476145906645148568065325,475884334240620000000000,478494818555652000000000,0,0,0,0,181136628916795405671,0
100000,4,0,0,1,0,0,10,7,172800,1,60,1497702457300084766017,7116933255684765399509,773464773831077662281,3045637654728339317441,645608127950177668210350,652940313438270000000000,657269382454000000000000,0,0,106,111,4009997475725,0
100000,4,0,0,2,50,0,10,7,172800,1,60,1497602613743338495331,7116712893006913994999,774118563270754043869,3045636723719576496434,645557320025952787256915,652889628493910000000000,657218551322000000000000,0,0,106,110,4009997472765,0
100000,4,0,0,3,100,0,10,7,172800,1,60,1497502715061376196858,7116492345266232771153,774779259539349730438,3045636696043460447210,645506478322484295758034,652838909842480000000000,657167686368000000000000,0,0,105,109,4009997467423,0
100000,4,0,0,4,10,0,10,7,0,1,60,1439532883822414515978,6898598514268726820728,773594982784112612390,2856140962162065845137,645597969085462446109630,652930179163730000000000,657172273803000000000000,0,0,106,111,4009997460789,0
100000,4,0,0,5,10,0,10,7,43200,1,60,1446668506198751769155,6929913284081962243971,773594982784112612390,2881948056358403098314,645597969085462446109630,652930179163730000000000,657184914935000000000000,0,0,106,111,4009997460789,0
100000,4,0,0,6,10,0,10,7,1209600,1,60,1847192702548808784806,8803788968768142884863,773594982784112612390,4408398401381031552640,645597969085462446109630,652930179163730000000000,657932856873000000000000,0,0,106,111,4009997472520,0
100000,4,0,0,7,10,0,10,7,172800,3,60,1497682493045526123497,7116889198633249503940,773594982784112612390,3045637397754923553907,645597969085462446109630,652930179163730000000000,657259218950000000000000,0,0,106,111,4009997460789,0
100000,4,0,0,8,10,0,10,7,172800,7,60,1488643519836975161334,6897495119453369587823,849838512172129512002,2758752456747407763962,635253794317535764491415,632271973444430000000000,636679255624000000000000,0,0,101,110,4009997473420,0
100000,4,0,0,9,10,10,10,7,172800,1,60,1486592489705856506236,6988245144069948119738,848964308679251344540,3569737580086481401831,634219294913991896274407,631560648206750000000000,635282277158646000000000,0,0,61,67,4009997474907,0
100000,4,0,0,10,10,0,10,1,172800,1,60,1498261358335866151385,7116889881613854253965,696260695468100939211,3123590025914206787087,645598159918941537771033,652930369505250000000000,657259409803000000000000,0,0,106,111,4009997466956,0
100000,4,0,0,11,10,0,10,3,172800,1,60,1498064463971577723622,7116889653743175487339,722026357101623775126,3097614313918300597578,645598096342622702048783,652930306092820000000000,657259346223000000000000,0,0,106,111,4009997461280,0
100000,4,0,0,12,10,0,10,14,172800,1,60,1497050713755860592636,7116888400278607609714,863959944119573038281,2954594530962589557621,645597746030200297429625,652929956683450000000000,657258995868000000000000,0,0,106,111,4009997476599,0
100000,4,0,0,13,10,0,10,30,172800,1,60,1495785079013200994650,7116886572403434812918,1071083166853399985400,2746099961599228597137,645597234874178375903075,652929446845200000000000,657258484647000000000000,0,0,106,111,4009997460395,0
100000,4,0,0,14,10,10,10,7,172800,1,60,1486592489705856506236,6988245144069948119738,848964308679251344540,3569737580086481401831,634219294913991896274407,631560648206750000000000,635282277158646000000000,0,0,61,67,4009997474907,0
100000,4,0,0,15,10,10,20,7,172800,1,60,1483032595931117028143,6988238218086311601981,1483824193823602317442,2931566378761857042633,634220011150236234388499,631561363477950000000000,635282989942149000000000,0,0,61,67,4009997474610,0
100000,4,0,0,16,10,10,50,7,172800,1,60,1477966324563001501530,6988217440925816815795,3388412489470975754202,2279752043411665575273,634222159841624441301404,631563509274200000000000,631216585654911000000000,0,0,61,67,488669675957745319506,772732033485844026592
100000,4,0,0,17,10,10,10,7,172800,1,1,840161832750880384974,4094773810974139763003,543795327629656865886,2353769455713268259036,476056521698650608968856,483034939865440000000000,484932106804671000000000,0,0,9,11,66005833102671533478,0
100000,4,0,0,18,10,10,10,7,172800,1,3,849515019507136027597,4167247407342907992027,543795327629656865886,2343033809549564761960,476152647941719453387526,479321936887840000000000,481343665916592000000000,0,0,9,11,93335655134226284824,0
100000,4,0,0,19,10,10,10,7,172800,1,7,868139607029778772793,4256834755150376387347,543795327629656865886,2340396420581882914877,476344969991257183426769,480304642161480000000000,482491937830257000000000,0,0,9,11,148051060853852429140,0
1000000,0,0,0,1,0,0,10,7,172800,1,60,7302467763459142731899,36674031552277399890174,5441541417356651285450,3710000001125,4787251096677857606481296,5826670872238580000000000,5845777140043000000000000,0,0,183,195,2752236222316459220629,3024636262818378742993
1000000,0,0,0,2,50,0,10,7,172800,1,60,7302467931681695765310,36674031552277399890174,5441541417356651285450,3710000001125,4787251096677857606481296,5826670872238580000000000,5845777140043000000000000,0,0,182,194,2750841314135008571697,3024636262818378742993
1000000,0,0,0,3,100,0,10,7,172800,1,60,7302468101603466506168,36674031552277399890174,5441541417356651285450,3710000001125,4787251096677857606481296,5826670872238580000000000,5845777140043000000000000,0,0,180,192,2749432207625287394290,3024636262818378742993
1000000,0,0,0,4,10,0,10,7,0,1,60,7115487554250437322364,35733527071938984073245,5441541417356651285450,0,4787251096677857606481296,5694809673029090000000000,5713466882953000000000000,0,0,177,189,2906626101748048922450,2961356067294156398601
1000000,0,0,0,5,10,0,10,7,43200,1,60,7138852686671771114322,35849935745273724454808,5441541417356651285450,0,4787251096677857606481296,5694809673029090000000000,5713167959847000000000000,0,0,177,189,2887426746656644812861,3046162497116470573707
1000000,0,0,0,6,10,0,10,7,1209600,1,60,8425054009043722993430,42293576182034290443124,5441541417356651285450,5250000001125,4787251096677857606481296,5683710416805480000000000,5693029026981000000000000,0,0,188,201,2292339168433821942164,5995467034973009098406
1000000,0,0,0,7,10,0,10,7,172800,3,60,7302519409827024986057,36670602375073231722385,5441541417356651285450,5380000001125,4787251096677857606481296,5765278774747550000000000,5784635344999000000000000,0,0,183,195,2789012351278490782427,2986946189365647425296
1000000,0,0,0,8,10,0,10,7,172800,7,60,7302941276470826932440,36909060216694645109242,5441541417356651285450,0,4789658109747820887017056,5173296280833070000000000,5188710179119000000000000,0,0,170,182,3357448295590258000944,3968014589345574298218
1000000,0,0,0,9,10,10,10,7,172800,1,60,7301493774450607106603,36675685800847175332567,5437950098803268732128,2623747396110696201757,4785103221950741981577802,5135893532642870000000000,5152360957918605000000000,0,0,111,119,2815226241796077244675,3152168562952000058838
1000000,0,0,0,10,10,0,10,1,172800,1,60,7302535499298528970034,36674031552277399890174,4880236812033612299613,3710000001125,4787251096677857606481296,5826670872238580000000000,5847378810321000000000000,0,0,183,195,2456802946110913283636,2758351727918378742993
1000000,0,0,0,11,10,0,10,3,172800,1,60,7302512942745285133679,36674031552277399890174,5067248061025512926684,3710000001125,4787251096677857606481296,5826670872238580000000000,5846861234083000000000000,0,0,183,195,2557810028493961619768,2844400991428378742993
1000000,0,0,0,12,10,0,10,14,172800,1,60,7302388686879946591389,36674031552277399890174,6097425159464645731940,3710000001125,4787251096677857606481296,5826670872238580000000000,5844020851250000000000000,0,0,183,195,3116009753594747815474,3316626787228378742993
1000000,0,0,0,13,10,0,10,30,172800,1,60,7302207360455354147866,36674031552277399890174,7600761275212730036280,3710000001125,4787251096677857606481296,5826670872238580000000000,5839234989830000000000000,0,0,183,195,3824038459192042743385,4112296719958378742993
1000000,0,0,0,14,10,10,10,7,172800,1,60,7301493774450607106603,36675685800847175332567,5437950098803268732128,2623747396110696201757,4785103221950741981577802,5135893532642870000000000,5152360957918605000000000,0,0,111,119,2815226241796077244675,3152168562952000058838
1000000,0,0,0,15,10,10,20,7,172800,1,60,7300916483505825948819,36675685800847175332567,10221123796500000158062,2609258958260696201757,4785103221950741981577802,5135893532642870000000000,5138387226493749000000000,0,0,111,119,5218766816029624795512,5535969985548000058838
1000000,0,0,0,16,10,10,50,7,172800,1,60,7299184610671482475460,36675685800847175332567,24570644889590194435862,2567337323911696201757,4785103221950741981577802,5135893532642870000000000,5097953962744236000000000,0,0,111,119,12684060103246267564908,12432702688820000058838
1000000,0,0,0,17,10,10,10,7,172800,1,1,4555815303808255089568,22721571413489040694481,5437950098803268732128,2618125957371775880944,4760562440477855659484022,5010033794129890000000000,5010721453661148000000000,0,0,62,67,673350198939814036619,3099039859238000058838
1000000,0,0,0,18,10,10,10,7,172800,1,3,4648938340119599426384,23382279195621408314511,5437950098803268732128,2662763997759573241338,4761523702347965471079847,5002229120664120000000000,5003136421043391000000000,0,0,63,67,1000103065772602116159,3201225741201000058838
1000000,0,0,0,19,10,10,10,7,172800,1,7,4835184215766008512856,24316290797643439008963,5437950098803268732128,2662754944393459833478,4763446921721779833974319,5014739515017080000000000,5017316632343685000000000,0,0,62,66,1547627453845421246685,3200835427813000058838
1000000,1,0,0,1,0,0,10,7,172800,1,60,9498768506498664704038,47742079673862171148434,8702001939067626093377,4689486930343,7136120330125776389221781,7793212286423700000000000,7814038990941000000000000,0,0,178,189,4217727929886140108979,4634258521843480383079
1000000,1,0,0,2,50,0,10,7,172800,1,60,9498135962706541441821,47738973612974395370351,8711188668069843645202,4530591858374,7135360454863840288160747,7792346908741150000000000,7813173439147000000000000,0,0,177,188,4215483761051675670254,4633753747680323823470
1000000,1,0,0,3,100,0,10,7,172800,1,60,9497503011793686249892,47735865555779683851706,8720473733849682072647,4482884661368,7134600059880201944378753,7791480930286620000000000,7812307286606000000000000,0,0,176,186,4213228704584535794803,4633248625412426437558
1000000,1,0,0,4,10,0,10,7,0,1,60,9212162157166774955685,46300983096953482289160,8703831475281293327170,0,7134390763640093338670117,7590982010702590000000000,7611125297313000000000000,0,0,173,184,4454915956346384541458,4536536404480083628650
1000000,1,0,0,5,10,0,10,7,43200,1,60,9247960849333275976144,46479336496149465313243,8703831475281293327170,0,7134390763640093338670117,7590982010702590000000000,7610667396220000000000000,0,0,173,184,4425514111055778407849,4666456854351213333129
1000000,1,0,0,6,10,0,10,7,1209600,1,60,11218614959026390548682,56347416118470698862476,8703831475281293327170,4935011626700,7145442188116302000606654,7573087634547280000000000,7578920417735000000000000,0,0,183,194,3527599255645707491551,9184895171397295194668
1000000,1,0,0,7,10,0,10,7,172800,3,60,9498721742868275385820,47736199963760633891010,8703831475281293327170,3905011626700,7136111599919895253652238,7698967098635820000000000,7720177754542000000000000,0,0,178,189,4274130046744774315096,4576331837453245913060
1000000,1,0,0,8,10,0,10,7,172800,7,60,9502903073133792823605,47902395893750050521987,10008415355300546220574,0,7236841259880383414310886,7506398492722170000000000,7519619701489000000000000,0,0,171,183,5150215804595629164839,6365111279659351520916
1000000,1,0,0,9,10,10,10,7,172800,1,60,9370220878370504368826,47811233486748322513706,9425527878621517436573,3797485086425251065476,7005201535020452946009117,7012777868649610000000000,7030808041549563000000000,0,0,115,125,3886316688575271697672,4428401121919186686949
1000000,1,0,0,10,10,0,10,1,172800,1,60,9498748168964132579125,47741470462078842378622,7844326731762166167716,4517431700185,7135971188253559053225524,7793042406176240000000000,7817092063253000000000000,0,0,178,189,3892910622787510924885,4098324109088918690906
1000000,1,0,0,11,10,0,10,3,172800,1,60,9498712806454074697766,47741466516999702992872,8130690137334661837191,6328293763265,7135970258133425711907196,7793041357571350000000000,7815529008281000000000000,0,0,178,189,3919817010591742721519,4358013709875481994897
1000000,1,0,0,12,10,0,10,14,172800,1,60,9498518007373563537730,47741444784736960344545,9708160844547854180696,4860498860039,7135965134422864020434684,7793035581128660000000000,7811171376779000000000000,0,0,178,189,4775058043190876853849,5081524606116724540611
1000000,1,0,0,13,10,0,10,30,172800,1,60,9498233737842693298484,47741413070969327134438,12010157678020612781400,3687234710748,7135957657430387369509669,7793027151707860000000000,7803830364992000000000000,0,0,178,189,5859856636968383952796,6300592527019873178676
1000000,1,0,0,14,10,10,10,7,172800,1,60,9370220878370504368826,47811233486748322513706,9425527878621517436573,3797485086425251065476,7005201535020452946009117,7012777868649610000000000,7030808041549563000000000,0,0,115,125,3886316688575271697672,4428401121919186686949
1000000,1,0,0,15,10,10,20,7,172800,1,60,9368953978487731585690,47811284015620295599077,16489292205609428537073,3775797050582199565639,7005214891756865292560750,7012790935672390000000000,7009801695224262000000000,0,0,115,125,7450116535598794351591,7924938349778527702800
1000000,1,0,0,16,10,10,50,7,172800,1,60,9365153249913312371909,47811435601630901645704,37680744404441703224605,3712611521201044713436,7005254961752290066693773,7012830136493330000000000,6948601552818072000000000,0,0,115,125,18445392218031894563072,18110833186895550699859
1000000,1,0,0,17,10,10,10,7,172800,1,1,4555815303808255089568,22721571413489040694481,5437950098803268732128,2618125957371775880944,4760562440477855659484022,5010033794129890000000000,5010721453661148000000000,0,0,37,47,673350198939814008746,3099039859238000058838
1000000,1,0,0,18,10,10,10,7,172800,1,3,4648938340119599426384,23382279195621408314511,5437950098803268732128,2662763997759573241338,4761523702347965471079847,5002229120664120000000000,5003136421043391000000000,0,0,38,48,1000103065772602107990,3201225741201000058838
1000000,1,0,0,19,10,10,10,7,172800,1,7,4835184215766008512856,24316290797643439008963,5437950098803268732128,2662754944393459833478,4763446921721779833974319,5014739515017080000000000,5017316632343685000000000,0,0,37,47,1547627453845421246870,3200835427813000058838
1000000,2,0,0,1,0,0,10,7,172800,1,60,15174027686435801768938,47525582087594494502750,5441541417356651285450,37177276373313149237656,4681516846282627957260273,4783336782584620000000000,4803417549161000000000000,0,0,0,0,4009999746729,0
1000000,2,0,0,2,50,0,10,7,172800,1,60,15174027686435801768938,47525582087594494502750,5441541417356651285450,37177276373313149237656,4681516846282627957260273,4783336782584620000000000,4803417549161000000000000,0,0,0,0,4009999746729,0
1000000,2,0,0,3,100,0,10,7,172800,1,60,15174027686435801768938,47525582087594494502750,5441541417356651285450,37177276373313149237656,4681516846282627957260273,4783336782584620000000000,4803417549161000000000000,0,0,0,0,4009999746729,0
1000000,2,0,0,4,10,0,10,7,0,1,60,14872354073014352443778,47327933055056615509285,5441541417356651285450,36803637282351699912494,4681516846282627957260273,4783336782584620000000000,4803291865959000000000000,0,0,0,0,4009999746727,0
1000000,2,0,0,5,10,0,10,7,43200,1,60,14912900675989149900358,47341504314142249643210,5441541417356651285450,36846939797416497369075,4681516846282627957260273,4783336782584620000000000,4803302681267000000000000,0,0,0,0,4009999746728,0
1000000,2,0,0,6,10,0,10,7,1209600,1,60,16985987749544406244739,48713474236994069037998,5441541417356651285450,39422638141821753713456,4681516846282627957260273,4783336782584620000000000,4804172037382000000000000,0,0,0,0,4009999746728,0
1000000,2,0,0,7,10,0,10,7,172800,3,60,15174027686435801768938,47525582087594494502750,5441541417356651285450,37177276373313149237656,4681516846282627957260273,4783336782584620000000000,4803417549161000000000000,0,0,0,0,4009999746729,0
1000000,2,0,0,8,10,0,10,7,172800,7,60,15174027686435801768938,47525582087594494502750,5441541417356651285450,37177276373313149237656,4681516846282627957260273,4783336782584620000000000,4803417549161000000000000,0,0,0,0,4009999746729,0
1000000,2,0,0,9,10,10,10,7,172800,1,60,15215955808029834934452,47956374822043545284360,5437950098803268732128,47003414229653566065511,4657434234098406482191780,4758840566901800000000000,4769571506867280000000000,0,0,0,0,4009999746604,0
1000000,2,0,0,10,10,0,10,1,172800,1,60,15177217318153881606516,47578488932068296830641,4880236812033612299613,37771713144819983990463,4681516846282627957260273,4783336782584620000000000,4803440504334000000000000,0,0,0,0,4009999746278,0
1000000,2,0,0,11,10,0,10,3,172800,1,60,15176121974916173209131,47559842997785818128162,5067248061025512926684,37573039270311544406364,4681516846282627957260273,4783336782584620000000000,4803432429156000000000000,0,0,0,0,4009999747055,0
1000000,2,0,0,12,10,0,10,14,172800,1,60,15170247017274107227198,47484206470417981261925,6097425159464645731940,36494354441861843970461,4681516846282627957260273,4783336782584620000000000,4803399437148000000000000,0,0,0,0,4009999746040,0
1000000,2,0,0,13,10,0,10,30,172800,1,60,15141254196028914725609,44054155099625921253256,7600761275212730036280,33144886179075243180919,4681516846282627957260273,4783336782584620000000000,4801786537889000000000000,0,0,0,0,4009999746482,0
1000000,2,0,0,14,10,10,10,7,172800,1,60,15215955808029834934452,47956374822043545284360,5437950098803268732128,47003414229653566065511,4657434234098406482191780,4758840566901800000000000,4769571506867280000000000,0,0,0,0,4009999746604,0
1000000,2,0,0,15,10,10,20,7,172800,1,60,15194607284869957866916,44226278844831070408541,10221123796500000158062,40282651846191342422440,4657434234098406482191780,4758840566901800000000000,4767757667560242000000000,0,0,0,0,4009999746244,0
1000000,2,0,0,16,10,10,50,7,172800,1,60,15116565625713135886563,44226278844831070408541,24570644889590194435862,25855089093944326164287,4657434234098406482191780,4758840566901800000000000,4767757667560242000000000,0,0,0,0,4009999746243,0
1000000,2,0,0,17,10,10,10,7,172800,1,1,12559021781229963505330,58455081970308337225543,5437950098803268732128,51815383537474694643523,4763535761159130916376169,4758840566901800000000000,4772601076431114000000000,0,0,0,0,4009999746038,0
1000000,2,0,0,18,10,10,10,7,172800,1,3,12801367813779733637441,59123033399154721207438,5437950098803268732128,52435133560848464775634,4657434234098406482191780,4758840566901800000000000,4772891614710006000000000,0,0,0,0,4009999746038,0
1000000,2,0,0,19,10,10,10,7,172800,1,7,13016802282821109104817,60055001167431786634308,5437950098803268732128,53181119812903840243341,4657434234098406482191780,4758840566901800000000000,4773293036250642000000000,0,0,0,0,4009999746839,0
1000000,3,0,0,1,0,0,10,7,172800,1,60,9325839541829528329488,39747128406062691683242,7002816947949135736769,7598959644340044674902,5919917399854657395199613,6015603413303560000000000,6049733336351000000000000,0,0,27,28,4009999746908,0
1000000,3,0,0,2,50,0,10,7,172800,1,60,9325706713703601369858,39748086756464326804135,7004270482974332010756,7599186391169986910165,5919848596217870799029064,6015534679347520000000000,6049665454961000000000000,0,0,27,28,4009999745625,0
1000000,3,0,0,3,100,0,10,7,172800,1,60,9325573886843897361260,39749045154792951779047,7005723996376456165296,7599413148175192890142,5919779793042851939927210,6015465945852850000000000,6049597574062000000000000,0,0,27,28,4009999746713,0
1000000,3,0,0,4,10,0,10,7,0,1,60,9113580426333594161694,38926049151979411216359,7003107656686531098520,7355179652873640308992,5919903639079705215680717,6015589666464800000000000,6048930074810000000000000,0,0,27,28,4009999747736,0
1000000,3,0,0,5,10,0,10,7,43200,1,60,9157658212643837246085,39095153691172507596880,7003107656686531098520,7472159692383883393384,5919903639079705215680717,6015589666464800000000000,6049026275985000000000000,0,0,27,28,4009999747737,0
1000000,3,0,0,6,10,0,10,7,1209600,1,60,11027089019396129762637,46624981170678642889228,7003107656686531098520,11337701879636175909935,5919903639079705215680717,6015589666464800000000000,6054559993091000000000000,0,0,27,28,4009999747736,0
1000000,3,0,0,7,10,0,10,7,172800,3,60,9332492874183664195055,41348546360953591958277,7035059254454191081949,8618756855220118012676,6213642629379143379131320,6205787051520480000000000,6240472308428000000000000,0,0,31,32,4009999747116,0
1000000,3,0,0,8,10,0,10,7,172800,7,60,9321558743583605227221,35651574094993851420025,8546178878278579993767,4775107794646277551621,5997450083453566684050602,5991454972380110000000000,6022996956290000000000000,0,0,22,26,4009999746655,0
1000000,3,0,0,9,10,10,10,7,172800,1,60,8805176003196170871121,41486651861495491143967,5437950098803268732128,15052272656369902009700,4766541871280951869664585,4758840566901800000000000,4788641985605973000000000,0,0,0,0,4009999747517,0
1000000,3,0,0,10,10,0,10,1,172800,1,60,9329008936724165083398,41078547118968811594901,6514656335260811950571,8110908874433858937985,6021803529387651388943665,6014128458507580000000000,6049503254517000000000000,0,0,27,28,4009999747333,0
1000000,3,0,0,11,10,0,10,3,172800,1,60,9327032764304669744232,39747315797884660330352,6721717986782203222524,7881665418933281496159,5919903802046902575461524,6015589829279270000000000,6049719919060000000000000,0,0,27,28,4009999745809,0
1000000,3,0,0,12,10,0,10,14,172800,1,60,9323955439118635664334,39747823886470949529031,7509610184037832291605,7104236772856351560096,5919973308735398975531810,6015659262430110000000000,6049789787644000000000000,0,0,27,28,4009999747663,0
1000000,3,0,0,13,10,0,10,30,172800,1,60,9321249831425471618601,39841038929778709278893,8740912814672233225877,5983082758676351247732,5921419308583004976188175,6017096993419140000000000,6051309938647000000000000,0,0,28,29,4009999745718,0
1000000,3,0,0,14,10,10,10,7,172800,1,60,8805176003196170871121,41486651861495491143967,5437950098803268732128,15052272656369902009700,4766541871280951869664585,4758840566901800000000000,4788641985605973000000000,0,0,0,0,4009999747517,0
1000000,3,0,0,15,10,10,20,7,172800,1,60,8783994218912149306447,41486651861495491143967,10221123796500000158062,10247917174389149019092,4766541871280951869664585,4758840566901800000000000,4788641985605973000000000,0,0,0,0,4009999747517,0
1000000,3,0,0,16,10,10,50,7,172800,1,60,8767024018794282912410,41486651861495491143967,24570644889590194435862,6213195565238019301232,4766541871280951869664585,4758840566901800000000000,4754555160106419000000000,0,0,0,0,4294880068271860148809,6072521520032457294091
1000000,3,0,0,17,10,10,10,7,172800,1,1,6995924836369180990322,34268970597466748086600,5437950098803268732128,12661519762276419480365,4759818477831045390924344,4758840566901800000000000,4782844047192129000000000,0,0,0,0,838344895312507097888,0
1000000,3,0,0,18,10,10,10,7,172800,1,3,7048727579111966571294,34454121604253274975288,5437950098803268732128,12651522245412809065837,4760364340246253378681774,4758840566901800000000000,4783482929666133000000000,0,0,0,0,1229267984834111102388,0
1000000,3,0,0,19,10,10,10,7,172800,1,7,7354637851056265811047,36114342975369685614883,5437950098803268732128,13734734312648850395490,4761456289421615679398787,4758840566901800000000000,4784947945144173000000000,0,0,0,0,1811366188821853192288,0
1000000,4,0,0,1,0,0,10,7,172800,1,60,14977014194266312412000,71169298295251175602628,7734643494421560585296,30456360833585062101634,6456077698477152570967381,6529399509940990000000000,6572692652972000000000000,0,0,106,111,4009999747451,0
1000000,4,0,0,2,50,0,10,7,172800,1,60,14976015759059401644106,71167094671816078218363,7741181385056377831488,30456351525935453110960,6455569619218731195017953,6528892660481180000000000,6572184355524000000000000,0,0,106,110,4009999746768,0
1000000,4,0,0,3,100,0,10,7,172800,1,60,14975016772881531807936,71164889187921780499142,7747788344468893682051,30456351230896286124252,6455061202519242210080623,6528385474300980000000000,6571675720296000000000000,0,0,105,109,4009999746329,0
1000000,4,0,0,4,10,0,10,7,0,1,60,14395318782261332796154,68985951738365526958356,7735945582851354901860,28561394716768793681374,6455976109527859233862863,6529298166893920000000000,6571721574310000000000000,0,0,106,111,4009999747041,0
1000000,4,0,0,5,10,0,10,7,43200,1,60,14466674928570271710136,69299099355540753309141,7735945582851354901860,28819465540257732595355,6455976109527859233862863,6529298166893920000000000,6571848004673000000000000,0,0,106,111,4009999747040,0
1000000,4,0,0,6,10,0,10,7,1209600,1,60,18471914705252244517359,88037846757437315801724,7735945582851354901860,44083961128829024791667,6455976109527859233862863,6529298166893920000000000,6579327500470000000000000,0,0,106,111,4009999747040,0
1000000,4,0,0,7,10,0,10,7,172800,3,60,14976814551138384900607,71168857719111726013606,7735945582851354901860,30456358250398038060310,6455976109527859233862863,6529298166893920000000000,6572591020411000000000000,0,0,106,111,4009999747040,0
1000000,4,0,0,8,10,0,10,7,172800,7,60,14886424702425155106630,68974919510893697647866,8498380264830783332979,27587511339542740925180,6352534459725458354012669,6322716267805900000000000,6366791438594000000000000,0,0,101,110,4009999746166,0
1000000,4,0,0,9,10,10,10,7,172800,1,60,14865914538483614441157,69882413781419046693187,8489638359695640214837,35697356597569043124697,6342189472386787863253481,6315603020276690000000000,6352821623481714000000000,0,0,61,67,4009999745978,0
1000000,4,0,0,10,10,0,10,1,172800,1,60,14982603202205413718495,71168864547911989980632,6962603141733599356019,31235884063649416789853,6455978018097117525766440,6529300070542940000000000,6572592929148000000000000,0,0,106,111,4009999747351,0
1000000,4,0,0,11,10,0,10,3,172800,1,60,14980634259459537738706,71168862272220862872954,7220259614128024360010,30976127137135403285708,6455977382231058657094156,6529299436316140000000000,6572592293228000000000000,0,0,106,111,4009999747220,0
1000000,4,0,0,12,10,0,10,14,172800,1,60,14970496761272202995111,71168849741806084950125,8639594692199401397914,29545930128136706895250,6455973879425093323175201,6529295942540280000000000,6572588790109000000000000,0,0,106,111,4009999747404,0
1000000,4,0,0,13,10,0,10,30,172800,1,60,14957840416136305668557,71168831452412624704288,10710825763077506392587,27460985529742156877526,6455968767801509902146473,6529290844094350000000000,6572583678047000000000000,0,0,106,111,4009999747653,0
1000000,4,0,0,14,10,10,10,7,172800,1,60,14865914538483614441157,69882413781419046693187,8489638359695640214837,35697356597569043124697,6342189472386787863253481,6315603020276690000000000,6352821623481714000000000,0,0,61,67,4009999745978,0
1000000,4,0,0,15,10,10,20,7,172800,1,60,14830315607890370704453,69882344522983236429071,14838233730144024451711,29315648101890642169528,6342196634671736988428133,6315610172911200000000000,6352828750456605000000000,0,0,61,67,4009999746849,0
1000000,4,0,0,16,10,10,50,7,172800,1,60,14779652893812907640055,69882136754162656145784,33884106243615636400818,22797503338293569718346,6342218121489463088846983,6315631630777580000000000,6312162091387041000000000,0,0,61,67,4886181787826832061188,7727835263398806948747
1000000,4,0,0,17,10,10,10,7,172800,1,1,8401608848574973271874,40947697858524427174466,5437950098803268732128,23537670298717796504854,4760562440477855659484022,4830345302313720000000000,4849319500865460000000000,0,0,9,11,660058310263810383795,0
1000000,4,0,0,18,10,10,10,7,172800,1,3,8495140715870053214482,41672436607840117402097,5437950098803268732128,23430315860970536782269,4761523702347965471079847,4793215505139920000000000,4813435353589803000000000,0,0,9,11,933356534959184284959,0
1000000,4,0,0,19,10,10,10,7,172800,1,7,8681386591516447582669,42568309596819993312263,5437950098803268732128,23403942002021133775086,4763446921721779833974319,4803042554288290000000000,4824918055321875000000000,0,0,9,11,1480510601940069241098,0
