round,id,asset,tvl,days,sourceBps,thresholdBps,harvestEveryDays,minimumHarvestUsd,borrowEveryDays,trancheHollar,discountBps,feeBps,fundedReturnPct,netFundedReturnPct,markedOwnedReturnPct,fundingAdjustedEconomicReturnPct,keeperUsd,firstCryptoDay,harvests,borrows,backingDeficitUsd,exitCoverageGapUsd,waivedInterestUsd,protocolFeeUsd,minimumHf
1,r1-current-ETH,ETH,10000,365,100,10,1,0,1,1000,0,500,0,-0.27483862466981535,4.178529437252854,4.178529437252854,27.483862466981787,,33,68,0,0,0,15.672825320599951,1.0547346773880062
1,r1-current-BTC,BTC,10000,365,100,10,1,0,1,1000,0,500,0,-0.27537499981554747,4.4448595837971006,4.4448595837971006,27.537499981554358,,33,70,0,0,0,16.63499118599851,1.0546753966974696
2,r2-reserve-100-ETH,ETH,10000,365,100,10,1,0,1,1000,0,500,0,-0.27483862466981535,4.178529437252854,4.178529437252854,27.483862466981787,,33,68,0,0,0,15.672825320599951,1.0547346773880062
2,r2-reserve-100-BTC,BTC,10000,365,100,10,1,0,1,1000,0,500,0,-0.27537499981554747,4.4448595837971006,4.4448595837971006,27.537499981554358,,33,70,0,0,0,16.63499118599851,1.0546753966974696
2,r2-reserve-50-ETH,ETH,10000,365,50,10,1,0,1,1000,0,500,1.874762393106577,1.5637005669287607,3.9978984017017494,3.9978984017017494,31.10618261778228,222,58,68,0,0,0,27.351487193320107,1.053445760910291
2,r2-reserve-50-BTC,BTC,10000,365,50,10,1,0,1,1000,0,500,1.959672419243197,1.6483602846640188,4.245336503568131,4.245336503568131,31.13121345791614,226,58,70,0,0,0,29.042450513996197,1.0534260284848929
2,r2-reserve-25-ETH,ETH,10000,365,25,10,1,0,1,1000,0,500,2.9888859473041984,2.6642359507679902,3.866697401158281,3.866697401158281,32.464999653620566,140,71,46,0,0,0,33.3568918059221,1.0536382722519007
2,r2-reserve-25-BTC,BTC,10000,365,25,10,1,0,1,1000,0,500,3.14247103676204,2.817284665080111,4.0997446939256,4.0997446939256,32.51863716819313,140,71,48,0,0,0,35.424686335494584,1.053699995789781
2,r2-reserve-15-ETH,ETH,10000,365,15,10,1,0,1,1000,0,500,3.3998187524483026,3.067945570616337,3.791216307863654,3.791216307863654,33.18731818319776,104,76,44,0,0,0,35.551796246995366,1.0542537237904037
2,r2-reserve-15-BTC,BTC,10000,365,15,10,1,0,1,1000,0,500,3.584854607989252,3.2524629301830643,4.025986740239085,4.025986740239085,33.239167780617905,108,76,47,0,0,0,37.79145988199406,1.0538066898088034
2,r2-reserve-10-ETH,ETH,10000,365,10,10,1,0,1,1000,0,500,3.5848767405821658,3.2500713746202115,3.7652816584089477,3.7652816584089477,33.48053659619444,90,78,44,0,0,0,36.44770121402576,1.0540808387196028
2,r2-reserve-10-BTC,BTC,10000,365,10,10,1,0,1,1000,0,500,3.7677759047718418,3.4324341636641664,3.9817662658059305,3.9817662658059305,33.53417411076701,90,78,46,0,0,0,38.6702563499941,1.0542176442193094
3,r3-threshold-0-ETH,ETH,10000,365,10,0,1,0,1,1000,0,500,3.621410930030322,2.9706806032359756,3.4433707124464696,3.4433707124464696,65.07303267943463,88,325,44,0,0,0,36.78748098193124,1.054084733711787
3,r3-threshold-0-BTC,BTC,10000,365,10,0,1,0,1,1000,0,500,3.802860158506993,3.1498055394145075,3.6537656979144906,3.6537656979144906,65.30546190924908,89,327,46,0,0,0,39.012204379475016,1.0542193001177702
3,r3-threshold-1-ETH,ETH,10000,365,10,1,1,0,1,1000,0,500,3.6214110118162335,2.972754668918687,3.445444777629225,3.445444777629225,64.86563428975406,88,323,44,0,0,0,36.787483717691615,1.0540847338962782
3,r3-threshold-1-BTC,BTC,10000,365,10,1,1,0,1,1000,0,500,3.80286115705315,3.153954505754264,3.6579146647542693,3.6579146647542693,64.89066512988792,89,323,46,0,0,0,39.012230812475025,1.0542193019137218
3,r3-threshold-5-ETH,ETH,10000,365,10,5,1,0,1,1000,0,500,3.623808765290404,3.187056363297547,3.659775206861182,3.659775206861182,43.67524019928644,89,157,44,0,0,0,36.80093303896946,1.0540853050342651
3,r3-threshold-5-BTC,BTC,10000,365,10,5,1,0,1,1000,0,500,3.809432912591104,3.372144135452504,3.8761530503525155,3.8761530503525155,43.728877713859006,89,157,46,0,0,0,39.048321163488495,1.0542154036216322
3,r3-threshold-10-ETH,ETH,10000,365,10,10,1,0,1,1000,0,500,3.5848767405821658,3.2500713746202115,3.7652816584089477,3.7652816584089477,33.48053659619444,90,78,44,0,0,0,36.44770121402576,1.0540808387196028
3,r3-threshold-10-BTC,BTC,10000,365,10,10,1,0,1,1000,0,500,3.7677759047718418,3.4324341636641664,3.9817662658059305,3.9817662658059305,33.53417411076701,90,78,46,0,0,0,38.6702563499941,1.0542176442193094
3,r3-threshold-25-ETH,ETH,10000,365,10,25,1,0,1,1000,0,500,3.6375175181345254,3.3581733422406,3.8310287776202268,3.8310287776202268,27.934417589391327,95,35,44,0,0,0,36.87946225586249,1.0540794103974689
3,r3-threshold-25-BTC,BTC,10000,365,10,25,1,0,1,1000,0,500,3.829966380033323,3.5500858289936765,4.054244722093681,4.054244722093681,27.98805510396389,95,35,46,0,0,0,39.163883417997354,1.0542309527295672
3,r3-minimum-10-ETH,ETH,10000,365,10,1,1,10,1,1000,0,500,3.6268051472064355,3.3112735281475736,3.7839559846670534,3.7839559846670534,31.55316190588698,90,63,44,0,0,0,36.818488470459684,1.0540783341808508
3,r3-minimum-10-BTC,BTC,10000,365,10,1,1,10,1,1000,0,500,3.815091446887786,3.4857928657552995,3.9898392753553003,3.9898392753553003,32.92985811324945,90,73,46,0,0,0,39.08093235749461,1.054220114962335
3,r3-minimum-25-ETH,ETH,10000,365,10,1,1,25,1,1000,0,500,3.558582602828575,3.288213771039805,3.846021134817379,3.846021134817379,27.036883178877087,95,28,44,0,0,0,36.16646073905076,1.0540854879999613
3,r3-minimum-25-BTC,BTC,10000,365,10,1,1,25,1,1000,0,500,3.7569682210378375,3.483148709144901,4.079710810748249,4.079710810748249,27.381951189293915,94,30,47,0,0,0,38.461603157997196,1.0536222227282395
3,r3-minimum-50-ETH,ETH,10000,365,10,1,1,50,1,1000,0,500,3.5048167224547067,3.252130391303365,3.8819935864784716,3.8819935864784716,25.2686331151349,94,14,45,0,0,0,35.63556148029319,1.0535176010514093
3,r3-minimum-50-BTC,BTC,10000,365,10,1,1,50,1,1000,0,500,3.7037477737123847,3.4492020087225184,4.106469921764289,4.106469921764289,25.454576498986455,92,15,47,0,0,0,37.97091926099855,1.0536173635558228
3,r3-minimum-100-ETH,ETH,10000,365,10,1,1,100,1,1000,0,500,3.464426242528784,3.2204470679097152,3.9076735402288953,3.9076735402288953,24.397917461906943,94,7,46,0,0,0,35.22481354184432,1.053101558894507
3,r3-minimum-100-BTC,BTC,10000,365,10,1,1,100,1,1000,0,500,3.3928489439692733,3.148333394204461,4.156665869800236,4.156665869800236,24.451554976479507,91,7,48,0,0,0,35.11787533649946,1.0531733438342814
3,r3-cadence-3-ETH,ETH,10000,365,10,10,3,0,1,1000,0,500,3.5991516161453907,3.2968505840144324,3.7979603473724532,3.7979603473724532,30.230103213097067,93,53,44,0,0,0,36.57314334785568,1.0540824664721038
3,r3-cadence-3-BTC,BTC,10000,365,10,10,3,0,1,1000,0,500,3.7843203412336157,3.4814829339569364,4.0157370423555605,4.0157370423555605,30.283740727669628,93,53,46,0,0,0,38.8109629214958,1.0542269370984403
3,r3-cadence-7-ETH,ETH,10000,365,10,10,7,0,1,1000,0,500,3.6120825261739986,3.3197938300965735,3.806603222829419,3.806603222829419,29.228869607742535,91,45,44,0,0,0,36.690860066859784,1.0540815182523982
3,r3-cadence-7-BTC,BTC,10000,365,10,10,7,0,1,1000,0,500,3.7996700120018545,3.506844940778686,4.026012810980539,4.026012810980539,29.282507122315103,91,45,46,0,0,0,38.94611930549666,1.0542212890716938
4,r4-ramp-1d-250-ETH,ETH,10000,365,10,25,1,0,1,250,0,500,3.631172873767996,3.3225962524320307,3.796107746412214,3.796107746412214,30.857662133596065,95,35,153,0,0,0,36.84490505326833,1.053754678233615
4,r4-ramp-1d-250-BTC,BTC,10000,365,10,25,1,0,1,250,0,500,3.714370169482639,3.404434731110828,4.030856846834641,4.030856846834641,30.993543837179892,96,34,163,0,0,0,38.1289602374971,1.0537424429070974
4,r4-ramp-1d-1000-ETH,ETH,10000,365,10,25,1,0,1,1000,0,500,3.6375175181345254,3.3581733422406,3.8310287776202268,3.8310287776202268,27.934417589391327,95,35,44,0,0,0,36.87946225586249,1.0540794103974689
4,r4-ramp-1d-1000-BTC,BTC,10000,365,10,25,1,0,1,1000,0,500,3.829966380033323,3.5500858289936765,4.054244722093681,4.054244722093681,27.98805510396389,95,35,46,0,0,0,39.163883417997354,1.0542309527295672
4,r4-ramp-1d-5000-ETH,ETH,10000,365,10,25,1,0,1,5000,0,500,3.657730163149142,3.384000047113833,3.884907819642036,3.884907819642036,27.373011603531825,84,35,22,0,0,0,36.889725850904746,1.0541312199750006
4,r4-ramp-1d-5000-BTC,BTC,10000,365,10,25,1,0,1,5000,0,500,3.8497124509404124,3.575982334905081,4.110570548069603,4.110570548069603,27.373011603531825,84,35,22,0,0,0,39.16684119149729,1.0542140905088393
4,r4-ramp-3d-250-ETH,ETH,10000,365,10,25,1,0,3,250,0,500,3.431431606874935,3.124446231804634,3.651719811984089,3.651719811984089,30.698537507030792,100,34,152,0,0,0,35.574201299957124,1.0545692910329463
4,r4-ramp-3d-250-BTC,BTC,10000,365,10,25,1,0,3,250,0,500,3.5983674041914604,3.2884319658196715,3.852968660635625,3.852968660635625,30.993543837179892,100,34,163,0,0,0,37.70652392099747,1.054431891202794
4,r4-ramp-3d-1000-ETH,ETH,10000,365,10,25,1,0,3,1000,0,500,3.498623670784684,3.2206025535835625,3.8064870619612945,3.8064870619612945,27.802111720112336,96,34,44,0,0,0,35.74467115475459,1.0541169040600884
4,r4-ramp-3d-1000-BTC,BTC,10000,365,10,25,1,0,3,1000,0,500,3.6822275863615195,3.403670094014677,4.028392411175052,4.028392411175052,27.855749234684897,96,34,46,0,0,0,37.95338883599765,1.0542574973996788
4,r4-ramp-3d-5000-ETH,ETH,10000,365,10,25,1,0,3,5000,0,500,3.6446072385014627,3.3708771224661316,3.8573675187030254,3.8573675187030254,27.373011603531825,85,35,22,0,0,0,36.86714864864497,1.054165075249687
4,r4-ramp-3d-5000-BTC,BTC,10000,365,10,25,1,0,3,5000,0,500,3.835575639560851,3.5621315902699013,4.081387131346648,4.081387131346648,27.34440492909312,94,35,22,0,0,0,39.14243120699754,1.0542612133404965
4,r4-ramp-7d-250-ETH,ETH,10000,365,10,25,1,0,7,250,0,500,2.9829036299646283,2.6785822514514335,3.247371234043017,3.247371234043017,30.43213785132039,115,32,153,0,0,0,33.01805996588686,1.0544240247523684
4,r4-ramp-7d-250-BTC,BTC,10000,365,10,25,1,0,7,250,0,500,3.0907949792654765,2.7837917250236544,3.390747954450979,3.390747954450979,30.70032542418321,112,32,163,0,0,0,34.81908140699771,1.0544550898118727
4,r4-ramp-7d-1000-ETH,ETH,10000,365,10,25,1,0,7,1000,0,500,3.4554077928574234,3.177386675656302,3.734068857832651,3.734068857832651,27.802111720112336,98,34,44,0,0,0,35.607634264761806,1.0542481357697675
4,r4-ramp-7d-1000-BTC,BTC,10000,365,10,25,1,0,7,1000,0,500,3.639767145199113,3.3612096528522706,3.939782866069841,3.939782866069841,27.855749234684897,99,34,46,0,0,0,37.8789743474973,1.0544042735395895
4,r4-ramp-7d-5000-ETH,ETH,10000,365,10,25,1,0,7,5000,0,500,3.626968323907187,3.3535242746162375,3.8401002592082234,3.8401002592082234,27.34440492909312,94,35,22,0,0,0,36.772575712008766,1.0542819815360946
4,r4-ramp-7d-5000-BTC,BTC,10000,365,10,25,1,0,7,5000,0,500,3.8264579116376263,3.5527456747738384,4.058054701573832,4.058054701573832,27.371223686379405,95,35,23,0,0,0,39.14309569499731,1.054380726574009
5,r5-selected-ETH,ETH,10000,365,10,25,1,0,1,5000,0,500,3.657730163149142,3.384000047113833,3.884907819642036,3.884907819642036,27.373011603531825,84,35,22,0,0,0,36.889725850904746,1.0541312199750006
5,r5-selected-BTC,BTC,10000,365,10,25,1,0,1,5000,0,500,3.8497124509404124,3.575982334905081,4.110570548069603,4.110570548069603,27.373011603531825,84,35,22,0,0,0,39.16684119149729,1.0542140905088393
5,r5-two-years-ETH,ETH,10000,730,10,25,1,0,1,5000,0,500,4.182793808399898,3.919205287027472,4.206426719677547,4.206426719677547,54.85329823620877,84,75,22,0,0,0,80.87603228187359,1.0541312199750006
5,r5-two-years-BTC,BTC,10000,730,10,25,1,0,1,5000,0,500,4.411857670617314,4.148591380193256,4.456350510783835,4.456350510783835,54.906935750781344,84,75,24,0,0,0,86.01608238299399,1.0542140905088393
5,r5-reserve-25-ETH,ETH,10000,365,25,25,1,0,1,5000,0,500,3.050234866320123,2.7807957514506043,3.9693884078685127,3.9693884078685127,26.94391148695131,141,32,24,0,0,0,33.73429814648319,1.0536908678990848
5,r5-reserve-25-BTC,BTC,10000,365,25,25,1,0,1,5000,0,500,3.092677681621958,2.8245616254452433,4.214004615021305,4.214004615021305,26.81160561767232,141,31,24,0,0,0,34.79790199049776,1.0537282990151624
5,r5-reserve-25-worse-fills-ETH,ETH,10000,365,25,25,1,0,1,5000,0,500,0.9755290654950954,0.7210548171913356,2.003789585413207,2.003789585413207,25.44742483037678,286,22,25,0,0,0,22.339065661607368,1.0530692954579752
5,r5-reserve-25-worse-fills-BTC,BTC,10000,365,25,25,1,0,1,5000,0,500,0.9888929278007774,0.7344186794969954,2.0720733687810577,2.0720733687810577,25.44742483037678,288,22,25,0,0,0,23.73622292249867,1.0530823937107117
5,r5-small-vault-ETH,ETH,1000,365,10,25,1,0,1,5000,0,500,3.6671551962025095,0.9298540358493312,1.4313108762081361,1.4313108762081361,27.373011603531825,84,35,22,0,0,0,3.6940340802011,1.053926205308629
5,r5-small-vault-BTC,BTC,1000,365,10,25,1,0,1,5000,0,500,3.8669030287848516,1.1296018684316733,1.6650179021815426,1.6650179021815426,27.373011603531825,84,35,22,0,0,0,3.9259138049973847,1.0539184692303714
5,r5-small-vault-minimum-10-ETH,ETH,1000,365,10,25,1,10,1,5000,0,500,3.491925882302227,1.111135402141361,1.827500042852792,1.827500042852792,23.807904801608736,92,7,24,0,0,0,3.527633403113919,1.0530407340670216
5,r5-small-vault-minimum-10-BTC,BTC,1000,365,10,25,1,10,1,5000,0,500,3.4261151751386,1.0453246949777117,2.085314964708762,2.085314964708762,23.807904801608736,89,7,24,0,0,0,3.5193153104995574,1.0530391418747242
5,r5-small-vault-minimum-25-ETH,ETH,1000,365,10,25,1,25,1,5000,0,500,3.7378091527570323,1.3616672571924449,1.853006248394129,1.853006248394129,23.76141895564585,155,3,42,0,0,0,3.738969885342328,1.0521208785555871
5,r5-small-vault-minimum-25-BTC,BTC,1000,365,10,25,1,25,1,5000,0,500,3.681022140330903,1.3048802447663155,2.1059712482640602,2.1059712482640602,23.76141895564585,149,3,42,0,0,0,3.741055064999759,1.0521914178728884
5,r5-trailing-nav-rate-ETH,ETH,10000,365,10,25,1,0,1,5000,0,500,6.39784505644192,6.106343043911555,6.590660282099581,6.590660282099581,29.150201253036112,57,47,28,0,0,0,51.6271279066683,1.0544682275115593
5,r5-trailing-nav-rate-BTC,BTC,10000,365,10,25,1,0,1,5000,0,500,6.774263135219516,6.482492935116291,7.001018786816293,7.001018786816293,29.177020010322394,57,47,29,0,0,0,54.91215184949598,1.0544900966339212
5,r5-negative-spread-ETH,ETH,10000,365,10,25,1,0,1,5000,0,500,1.178504485351617,0.9311282681429445,0.9311282681429445,-7.718229888351013,24.73762172086651,84,14,22,864.9358156493965,893.8752368268006,0,14.572679885298964,1.0498660587826507
5,r5-negative-spread-BTC,BTC,10000,365,10,25,1,0,1,5000,0,500,1.23208375876116,0.9847075415525097,0.9847075415525097,-8.242778816481444,24.73762172086651,84,14,22,922.748635803394,953.6210914211129,0,15.451579835999132,1.0498660781005367
5,r5-keeper-outage-14d-ETH,ETH,10000,365,10,25,1,0,1,5000,0,500,3.684511714874561,3.42061514317753,3.8931498150119204,3.8931498150119204,26.38965716970149,84,34,22,0,0,0,37.129861773459936,1.0541312199750006
5,r5-keeper-outage-14d-BTC,BTC,10000,365,10,25,1,0,1,5000,0,500,3.8779749665637686,3.6140783948667377,4.11844596216675,4.11844596216675,26.38965716970149,84,34,22,0,0,0,39.42205680599769,1.0542140905088393
5,r5-prime-gap-3pct-ETH,ETH,10000,365,10,25,1,0,1,5000,0,500,1.178504485351617,0.9276954672102988,0.9276954672102988,-10.484649429367254,25.08090181413092,84,14,22,1141.2344896577563,1168.9414026180948,0,14.572679885298964,1.022781263018967
5,r5-prime-gap-3pct-BTC,BTC,10000,365,10,25,1,0,1,5000,0,500,1.23208375876116,0.9812747406198641,0.9812747406198641,-11.236953767711155,25.08090181413092,84,14,22,1221.8228508331013,1251.0805604859524,0,15.451579835999132,1.0229691844351236
5,r5-worse-fills-ETH,ETH,10000,365,10,25,1,0,1,5000,0,500,3.2466042001263906,2.97609233496543,3.489563338707713,3.489563338707713,27.051186516096443,119,33,22,0,0,0,34.63355818080952,1.0541211253448353
5,r5-worse-fills-BTC,BTC,10000,365,10,25,1,0,1,5000,0,500,3.400136707691881,3.129624842530898,3.6772432505956187,3.6772432505956187,27.051186516096443,119,33,22,0,0,0,36.69605834399761,1.0542057153522377
5,r5-holdout-quotes-ETH,ETH,10000,365,10,25,1,0,1,5000,0,500,3.4088823993893236,3.1367614087911777,3.6080781622360503,3.6080781622360503,27.212099059814133,104,34,22,0,0,0,35.64616794308776,1.0541219331426401
5,r5-holdout-quotes-BTC,BTC,10000,365,10,25,1,0,1,5000,0,500,3.4701604467677116,3.1993625148623472,3.823018529734301,3.823018529734301,27.079793190535145,105,33,22,0,0,0,36.81339170849749,1.0542025638205221
5,r5-main-discount-50pct-ETH,ETH,10000,365,10,25,1,0,1,5000,5000,500,5.572737975118036,5.296039916609696,5.874519967619185,5.874519967619185,27.66980585083334,54,36,26,0,0,169.05549028565156,38.154618136461245,1.054414810160482
5,r5-main-discount-50pct-BTC,BTC,10000,365,10,25,1,0,1,5000,5000,500,5.929600283897618,5.6526340378164175,6.250927668787809,6.250927668787809,27.696624608119624,55,36,27,0,0,180.5744982821195,40.69967155649728,1.0544799160233969
5,r5-main-discount-100pct-ETH,ETH,10000,365,10,25,1,0,1,5000,10000,500,7.313044058908003,7.034987183363839,7.698001151663836,7.698001151663836,27.805687554417176,43,36,30,0,0,340.86922763825845,38.48970557319986,1.054556255763822
5,r5-main-discount-100pct-BTC,BTC,10000,365,10,25,1,0,1,5000,10000,500,7.783672445009993,7.505347381892946,8.215214092292955,8.215214092292955,27.832506311703455,43,36,31,0,0,364.32325428557095,40.96669707899826,1.0545741275700513
5,r5-protocol-fee-1pct-ETH,ETH,10000,365,10,25,1,0,1,5000,0,100,3.967112348526669,3.69338223249136,4.23950703245084,4.23950703245084,27.373011603531825,81,35,22,0,0,0,7.369078124982203,1.0541671758502766
5,r5-protocol-fee-1pct-BTC,BTC,10000,365,10,25,1,0,1,5000,0,100,4.198619908340229,3.924621604732037,4.49345893119748,4.49345893119748,27.399830360818108,82,35,23,0,0,0,7.854844743897311,1.0542623148027026
5,r5-protocol-fee-zero-ETH,ETH,10000,365,10,25,1,0,1,5000,0,0,4.048191534676526,3.774193231068357,4.322607515315502,4.322607515315502,27.399830360818108,81,35,23,0,0,0,0,1.0541776159490954
5,r5-protocol-fee-zero-BTC,BTC,10000,365,10,25,1,0,1,5000,0,0,4.272316940784515,3.9983186371763235,4.583396874348855,4.583396874348855,27.399830360818108,81,35,23,0,0,0,0,1.0542699090726688
5,r5-full-discount-zero-fee-ETH,ETH,10000,365,10,25,1,0,1,5000,10000,0,7.708940350860005,7.430615287742959,8.096182035142974,8.096182035142974,27.832506311703455,43,36,31,0,0,341.44441509845905,0,1.054556255763822
5,r5-full-discount-zero-fee-BTC,BTC,10000,365,10,25,1,0,1,5000,10000,0,8.206471646999969,7.927610208737201,8.639282651137204,8.639282651137204,27.886143826276022,43,36,33,0,0,364.97654358927736,0,1.054591726641847
